txn_id,card_last4,traveler_rank,traveler_name,unit_code,unit,post_date,merchant,merchant_category,amount,linked_dts_record
CITI-2026-00001,1007,SSgt,M. ANDERSON,1MARDIV,1st Marine Division (Camp Pendleton),2026-02-08,HILTON GARDEN INN,lodging,711.8,DTS-2026-00001
CITI-2026-00002,1007,SSgt,M. ANDERSON,1MARDIV,1st Marine Division (Camp Pendleton),2026-02-07,ENTERPRISE RENT-A-CAR,rental_car,272.02,DTS-2026-00001
CITI-2026-00003,1007,SSgt,M. ANDERSON,1MARDIV,1st Marine Division (Camp Pendleton),2026-02-13,UBER TRIP,ground_trans,29.73,DTS-2026-00001
CITI-2026-00004,1007,SSgt,M. ANDERSON,1MARDIV,1st Marine Division (Camp Pendleton),2026-02-09,WMATA SMARTRIP,ground_trans,11.94,DTS-2026-00001
CITI-2026-00005,1007,SSgt,M. ANDERSON,1MARDIV,1st Marine Division (Camp Pendleton),2026-02-12,YELLOW CAB CO,ground_trans,13.92,DTS-2026-00001
CITI-2026-00006,1007,SSgt,M. ANDERSON,1MARDIV,1st Marine Division (Camp Pendleton),2026-02-10,LYFT * RIDE,ground_trans,10.98,DTS-2026-00001
CITI-2026-00007,1014,WO1,D. RODRIGUEZ,1MARDIV,1st Marine Division (Camp Pendleton),2026-01-14,MARRIOTT GAITHERSBG MD,lodging,368.23,DTS-2026-00002
CITI-2026-00008,1014,WO1,D. RODRIGUEZ,1MARDIV,1st Marine Division (Camp Pendleton),2026-01-11,AMERICAN AIRLINES,airfare,1117.12,DTS-2026-00002
CITI-2026-00009,1014,WO1,D. RODRIGUEZ,1MARDIV,1st Marine Division (Camp Pendleton),2026-01-13,ENTERPRISE RENT-A-CAR,rental_car,415.24,DTS-2026-00002
CITI-2026-00010,1014,WO1,D. RODRIGUEZ,1MARDIV,1st Marine Division (Camp Pendleton),2026-01-14,LYFT * RIDE,ground_trans,29.16,DTS-2026-00002
CITI-2026-00011,1014,WO1,D. RODRIGUEZ,1MARDIV,1st Marine Division (Camp Pendleton),2026-01-14,WMATA SMARTRIP,ground_trans,35.33,DTS-2026-00002
CITI-2026-00012,1021,Cpl,R. BAKER,1MARDIV,1st Marine Division (Camp Pendleton),2026-01-28,HILTON GARDEN INN,lodging,1288.87,DTS-2026-00003
CITI-2026-00013,1021,Cpl,R. BAKER,1MARDIV,1st Marine Division (Camp Pendleton),2026-01-27,AVIS RENT-A-CAR,rental_car,418.38,DTS-2026-00003
CITI-2026-00014,1021,Cpl,R. BAKER,1MARDIV,1st Marine Division (Camp Pendleton),2026-01-31,UBER TRIP,ground_trans,37.87,DTS-2026-00003
CITI-2026-00015,1021,Cpl,R. BAKER,1MARDIV,1st Marine Division (Camp Pendleton),2026-01-27,UBER TRIP,ground_trans,26.55,DTS-2026-00003
CITI-2026-00016,1021,Cpl,R. BAKER,1MARDIV,1st Marine Division (Camp Pendleton),2026-02-01,LYFT * RIDE,ground_trans,21.19,DTS-2026-00003
CITI-2026-00017,1021,Cpl,R. BAKER,1MARDIV,1st Marine Division (Camp Pendleton),2026-01-31,SUBWAY SANDWICHES,meals,57.28,DTS-2026-00003
CITI-2026-00018,1028,1stLt,G. SANCHEZ,1MARDIV,1st Marine Division (Camp Pendleton),2026-01-13,HILTON GARDEN INN,lodging,553.41,DTS-2026-00004
CITI-2026-00019,1028,1stLt,G. SANCHEZ,1MARDIV,1st Marine Division (Camp Pendleton),2026-01-12,HERTZ RENT-A-CAR,rental_car,185.21,DTS-2026-00004
CITI-2026-00020,1028,1stLt,G. SANCHEZ,1MARDIV,1st Marine Division (Camp Pendleton),2026-01-14,LYFT * RIDE,ground_trans,33.82,DTS-2026-00004
CITI-2026-00021,1028,1stLt,G. SANCHEZ,1MARDIV,1st Marine Division (Camp Pendleton),2026-01-13,LYFT * RIDE,ground_trans,10.25,DTS-2026-00004
CITI-2026-00022,1028,1stLt,G. SANCHEZ,1MARDIV,1st Marine Division (Camp Pendleton),2026-01-14,LYFT * RIDE,ground_trans,27.49,DTS-2026-00004
CITI-2026-00023,1028,1stLt,G. SANCHEZ,1MARDIV,1st Marine Division (Camp Pendleton),2026-01-12,CHILIS RESTAURANT,meals,64.02,DTS-2026-00004
CITI-2026-00024,1028,1stLt,G. SANCHEZ,1MARDIV,1st Marine Division (Camp Pendleton),2026-01-12,APPLEBEES NEIGHBORHOOD GRILL,meals,26.73,DTS-2026-00004
CITI-2026-00025,1028,1stLt,G. SANCHEZ,1MARDIV,1st Marine Division (Camp Pendleton),2026-01-12,PANERA BREAD,meals,26.62,DTS-2026-00004
CITI-2026-00026,1035,CWO3,K. MARTINEZ,1MARDIV,1st Marine Division (Camp Pendleton),2026-01-26,HILTON GARDEN INN,lodging,1263.15,DTS-2026-00005
CITI-2026-00027,1035,CWO3,K. MARTINEZ,1MARDIV,1st Marine Division (Camp Pendleton),2026-01-23,UNITED AIRLINES,airfare,508.7,DTS-2026-00005
CITI-2026-00028,1035,CWO3,K. MARTINEZ,1MARDIV,1st Marine Division (Camp Pendleton),2026-01-25,AVIS RENT-A-CAR,rental_car,526.57,DTS-2026-00005
CITI-2026-00029,1035,CWO3,K. MARTINEZ,1MARDIV,1st Marine Division (Camp Pendleton),2026-01-28,UBER TRIP,ground_trans,18.18,DTS-2026-00005
CITI-2026-00030,1035,CWO3,K. MARTINEZ,1MARDIV,1st Marine Division (Camp Pendleton),2026-01-29,UBER TRIP,ground_trans,14.48,DTS-2026-00005
CITI-2026-00031,1035,CWO3,K. MARTINEZ,1MARDIV,1st Marine Division (Camp Pendleton),2026-01-29,UBER TRIP,ground_trans,28.84,DTS-2026-00005
CITI-2026-00032,1035,CWO3,K. MARTINEZ,1MARDIV,1st Marine Division (Camp Pendleton),2026-01-25,UBER TRIP,ground_trans,13.36,DTS-2026-00005
CITI-2026-00033,1035,CWO3,K. MARTINEZ,1MARDIV,1st Marine Division (Camp Pendleton),2026-01-28,YELLOW CAB CO,ground_trans,11.61,DTS-2026-00005
CITI-2026-00034,1035,CWO3,K. MARTINEZ,1MARDIV,1st Marine Division (Camp Pendleton),2026-01-27,OLIVE GARDEN,meals,16.31,DTS-2026-00005
CITI-2026-00035,1035,CWO3,K. MARTINEZ,1MARDIV,1st Marine Division (Camp Pendleton),2026-01-28,PANERA BREAD,meals,42.36,DTS-2026-00005
CITI-2026-00036,1042,CWO2,E. HARRIS,1MARDIV,1st Marine Division (Camp Pendleton),2026-01-08,HILTON GARDEN INN,lodging,529.71,DTS-2026-00006
CITI-2026-00037,1042,CWO2,E. HARRIS,1MARDIV,1st Marine Division (Camp Pendleton),2026-01-05,SOUTHWEST AIRLINES,airfare,313.0,DTS-2026-00006
CITI-2026-00038,1042,CWO2,E. HARRIS,1MARDIV,1st Marine Division (Camp Pendleton),2026-01-09,UBER TRIP,ground_trans,36.13,DTS-2026-00006
CITI-2026-00039,1049,MSgt,P. TAYLOR,1MARDIV,1st Marine Division (Camp Pendleton),2026-02-06,HILTON GARDEN INN,lodging,551.36,DTS-2026-00007
CITI-2026-00040,1049,MSgt,P. TAYLOR,1MARDIV,1st Marine Division (Camp Pendleton),2026-02-06,UBER TRIP,ground_trans,11.17,DTS-2026-00007
CITI-2026-00041,1049,MSgt,P. TAYLOR,1MARDIV,1st Marine Division (Camp Pendleton),2026-02-05,YELLOW CAB CO,ground_trans,25.05,DTS-2026-00007
CITI-2026-00042,1049,MSgt,P. TAYLOR,1MARDIV,1st Marine Division (Camp Pendleton),2026-02-05,YELLOW CAB CO,ground_trans,9.45,DTS-2026-00007
CITI-2026-00043,1049,MSgt,P. TAYLOR,1MARDIV,1st Marine Division (Camp Pendleton),2026-02-06,CHILIS RESTAURANT,meals,36.98,DTS-2026-00007
CITI-2026-00044,1049,MSgt,P. TAYLOR,1MARDIV,1st Marine Division (Camp Pendleton),2026-02-05,PANERA BREAD,meals,12.29,DTS-2026-00007
CITI-2026-00045,1049,MSgt,P. TAYLOR,1MARDIV,1st Marine Division (Camp Pendleton),2026-02-09,CRACKER BARREL,meals,43.43,DTS-2026-00007
CITI-2026-00046,1056,SSgt,W. JOHNSON,1MARDIV,1st Marine Division (Camp Pendleton),2026-02-09,HILTON GARDEN INN,lodging,1011.39,DTS-2026-00008
CITI-2026-00047,1056,SSgt,W. JOHNSON,1MARDIV,1st Marine Division (Camp Pendleton),2026-02-06,AMERICAN AIRLINES,airfare,1130.29,DTS-2026-00008
CITI-2026-00048,1056,SSgt,W. JOHNSON,1MARDIV,1st Marine Division (Camp Pendleton),2026-02-08,AVIS RENT-A-CAR,rental_car,267.07,DTS-2026-00008
CITI-2026-00049,1056,SSgt,W. JOHNSON,1MARDIV,1st Marine Division (Camp Pendleton),2026-02-09,LYFT * RIDE,ground_trans,13.11,DTS-2026-00008
CITI-2026-00050,1056,SSgt,W. JOHNSON,1MARDIV,1st Marine Division (Camp Pendleton),2026-02-09,LYFT * RIDE,ground_trans,19.71,DTS-2026-00008
CITI-2026-00051,1056,SSgt,W. JOHNSON,1MARDIV,1st Marine Division (Camp Pendleton),2026-02-09,YELLOW CAB CO,ground_trans,28.65,DTS-2026-00008
CITI-2026-00052,1056,SSgt,W. JOHNSON,1MARDIV,1st Marine Division (Camp Pendleton),2026-02-09,YELLOW CAB CO,ground_trans,18.57,DTS-2026-00008
CITI-2026-00053,1056,SSgt,W. JOHNSON,1MARDIV,1st Marine Division (Camp Pendleton),2026-02-11,WALMART SUPERCENTER,non_authorized,204.63,DTS-2026-00008
CITI-2026-00054,1063,CWO3,K. CARTER,1MARDIV,1st Marine Division (Camp Pendleton),2026-02-11,MARRIOTT GAITHERSBG MD,lodging,769.2,DTS-2026-00009
CITI-2026-00055,1063,CWO3,K. CARTER,1MARDIV,1st Marine Division (Camp Pendleton),2026-02-08,SOUTHWEST AIRLINES,airfare,772.56,DTS-2026-00009
CITI-2026-00056,1063,CWO3,K. CARTER,1MARDIV,1st Marine Division (Camp Pendleton),2026-02-12,UBER TRIP,ground_trans,13.17,DTS-2026-00009
CITI-2026-00057,1063,CWO3,K. CARTER,1MARDIV,1st Marine Division (Camp Pendleton),2026-02-10,LYFT * RIDE,ground_trans,20.79,DTS-2026-00009
CITI-2026-00058,1063,CWO3,K. CARTER,1MARDIV,1st Marine Division (Camp Pendleton),2026-02-12,UBER TRIP,ground_trans,13.5,DTS-2026-00009
CITI-2026-00059,1063,CWO3,K. CARTER,1MARDIV,1st Marine Division (Camp Pendleton),2026-02-12,UBER TRIP,ground_trans,8.06,DTS-2026-00009
CITI-2026-00060,1070,2ndLt,T. LEE,1MARDIV,1st Marine Division (Camp Pendleton),2026-03-07,HILTON GARDEN INN,lodging,305.12,DTS-2026-00010
CITI-2026-00061,1070,2ndLt,T. LEE,1MARDIV,1st Marine Division (Camp Pendleton),2026-03-06,BUDGET RENT-A-CAR,rental_car,361.17,DTS-2026-00010
CITI-2026-00062,1070,2ndLt,T. LEE,1MARDIV,1st Marine Division (Camp Pendleton),2026-03-08,YELLOW CAB CO,ground_trans,9.55,DTS-2026-00010
CITI-2026-00063,1070,2ndLt,T. LEE,1MARDIV,1st Marine Division (Camp Pendleton),2026-03-08,WMATA SMARTRIP,ground_trans,13.78,DTS-2026-00010
CITI-2026-00064,1070,2ndLt,T. LEE,1MARDIV,1st Marine Division (Camp Pendleton),2026-03-06,YELLOW CAB CO,ground_trans,12.84,DTS-2026-00010
CITI-2026-00065,1077,1stSgt,G. ROBINSON,1MARDIV,1st Marine Division (Camp Pendleton),2026-02-04,HILTON GARDEN INN,lodging,203.19,DTS-2026-00011
CITI-2026-00066,1077,1stSgt,G. ROBINSON,1MARDIV,1st Marine Division (Camp Pendleton),2026-02-04,LYFT * RIDE,ground_trans,29.64,DTS-2026-00011
CITI-2026-00067,1077,1stSgt,G. ROBINSON,1MARDIV,1st Marine Division (Camp Pendleton),2026-02-03,WMATA SMARTRIP,ground_trans,12.62,DTS-2026-00011
CITI-2026-00068,1077,1stSgt,G. ROBINSON,1MARDIV,1st Marine Division (Camp Pendleton),2026-02-03,YELLOW CAB CO,ground_trans,8.4,DTS-2026-00011
CITI-2026-00069,1077,1stSgt,G. ROBINSON,1MARDIV,1st Marine Division (Camp Pendleton),2026-02-03,UBER TRIP,ground_trans,27.23,DTS-2026-00011
CITI-2026-00070,1084,SSgt,M. TORRES,1MARDIV,1st Marine Division (Camp Pendleton),2026-03-16,HILTON GARDEN INN,lodging,725.19,DTS-2026-00012
CITI-2026-00071,1084,SSgt,M. TORRES,1MARDIV,1st Marine Division (Camp Pendleton),2026-03-13,UNITED AIRLINES,airfare,878.72,DTS-2026-00012
CITI-2026-00072,1084,SSgt,M. TORRES,1MARDIV,1st Marine Division (Camp Pendleton),2026-03-15,AVIS RENT-A-CAR,rental_car,372.57,DTS-2026-00012
CITI-2026-00073,1084,SSgt,M. TORRES,1MARDIV,1st Marine Division (Camp Pendleton),2026-03-15,LYFT * RIDE,ground_trans,24.63,DTS-2026-00012
CITI-2026-00074,1084,SSgt,M. TORRES,1MARDIV,1st Marine Division (Camp Pendleton),2026-03-16,OLIVE GARDEN,meals,26.68,DTS-2026-00012
CITI-2026-00075,1091,1stSgt,S. THOMAS,1MARDIV,1st Marine Division (Camp Pendleton),2026-01-18,HILTON GARDEN INN,lodging,632.21,DTS-2026-00013
CITI-2026-00076,1091,1stSgt,S. THOMAS,1MARDIV,1st Marine Division (Camp Pendleton),2026-01-15,DELTA AIR LINES,airfare,1073.12,DTS-2026-00013
CITI-2026-00077,1091,1stSgt,S. THOMAS,1MARDIV,1st Marine Division (Camp Pendleton),2026-01-17,HERTZ RENT-A-CAR,rental_car,430.8,DTS-2026-00013
CITI-2026-00078,1091,1stSgt,S. THOMAS,1MARDIV,1st Marine Division (Camp Pendleton),2026-01-18,LYFT * RIDE,ground_trans,10.34,DTS-2026-00013
CITI-2026-00079,1091,1stSgt,S. THOMAS,1MARDIV,1st Marine Division (Camp Pendleton),2026-01-17,YELLOW CAB CO,ground_trans,7.14,DTS-2026-00013
CITI-2026-00080,1098,CWO2,W. TAYLOR,1MARDIV,1st Marine Division (Camp Pendleton),2026-03-18,HILTON GARDEN INN,lodging,1399.73,DTS-2026-00014
CITI-2026-00081,1098,CWO2,W. TAYLOR,1MARDIV,1st Marine Division (Camp Pendleton),2026-03-15,SOUTHWEST AIRLINES,airfare,641.24,DTS-2026-00014
CITI-2026-00082,1098,CWO2,W. TAYLOR,1MARDIV,1st Marine Division (Camp Pendleton),2026-03-17,ENTERPRISE RENT-A-CAR,rental_car,218.9,DTS-2026-00014
CITI-2026-00083,1098,CWO2,W. TAYLOR,1MARDIV,1st Marine Division (Camp Pendleton),2026-03-23,LYFT * RIDE,ground_trans,10.12,DTS-2026-00014
CITI-2026-00084,1098,CWO2,W. TAYLOR,1MARDIV,1st Marine Division (Camp Pendleton),2026-03-20,UBER TRIP,ground_trans,13.47,DTS-2026-00014
CITI-2026-00085,1098,CWO2,W. TAYLOR,1MARDIV,1st Marine Division (Camp Pendleton),2026-03-18,WMATA SMARTRIP,ground_trans,21.23,DTS-2026-00014
CITI-2026-00086,1105,1stLt,G. RIVERA,1MARDIV,1st Marine Division (Camp Pendleton),2026-01-06,HILTON GARDEN INN,lodging,872.29,DTS-2026-00015
CITI-2026-00087,1105,1stLt,G. RIVERA,1MARDIV,1st Marine Division (Camp Pendleton),2026-01-05,AVIS RENT-A-CAR,rental_car,222.87,DTS-2026-00015
CITI-2026-00088,1105,1stLt,G. RIVERA,1MARDIV,1st Marine Division (Camp Pendleton),2026-01-08,WMATA SMARTRIP,ground_trans,9.25,DTS-2026-00015
CITI-2026-00089,1105,1stLt,G. RIVERA,1MARDIV,1st Marine Division (Camp Pendleton),2026-01-07,LYFT * RIDE,ground_trans,16.18,DTS-2026-00015
CITI-2026-00090,1112,1stSgt,L. TORRES,1MARDIV,1st Marine Division (Camp Pendleton),2026-01-06,MARRIOTT GAITHERSBG MD,lodging,1295.8,DTS-2026-00016
CITI-2026-00091,1112,1stSgt,L. TORRES,1MARDIV,1st Marine Division (Camp Pendleton),2026-01-03,DELTA AIR LINES,airfare,1151.13,DTS-2026-00016
CITI-2026-00092,1112,1stSgt,L. TORRES,1MARDIV,1st Marine Division (Camp Pendleton),2026-01-11,UBER TRIP,ground_trans,10.04,DTS-2026-00016
CITI-2026-00093,1112,1stSgt,L. TORRES,1MARDIV,1st Marine Division (Camp Pendleton),2026-01-08,LYFT * RIDE,ground_trans,29.58,DTS-2026-00016
CITI-2026-00094,1112,1stSgt,L. TORRES,1MARDIV,1st Marine Division (Camp Pendleton),2026-01-11,CHILIS RESTAURANT,meals,14.28,DTS-2026-00016
CITI-2026-00095,1112,1stSgt,L. TORRES,1MARDIV,1st Marine Division (Camp Pendleton),2026-01-07,CHILIS RESTAURANT,meals,17.25,DTS-2026-00016
CITI-2026-00096,1112,1stSgt,L. TORRES,1MARDIV,1st Marine Division (Camp Pendleton),2026-01-10,CHIPOTLE MEXICAN GRILL,meals,14.51,DTS-2026-00016
CITI-2026-00097,1119,Cpl,K. ROBINSON,1MARDIV,1st Marine Division (Camp Pendleton),2026-01-26,HILTON GARDEN INN,lodging,631.37,DTS-2026-00017
CITI-2026-00098,1119,Cpl,K. ROBINSON,1MARDIV,1st Marine Division (Camp Pendleton),2026-01-25,WMATA SMARTRIP,ground_trans,23.52,DTS-2026-00017
CITI-2026-00099,1119,Cpl,K. ROBINSON,1MARDIV,1st Marine Division (Camp Pendleton),2026-01-27,UBER TRIP,ground_trans,10.45,DTS-2026-00017
CITI-2026-00100,1119,Cpl,K. ROBINSON,1MARDIV,1st Marine Division (Camp Pendleton),2026-01-28,LYFT * RIDE,ground_trans,23.46,DTS-2026-00017
CITI-2026-00101,1119,Cpl,K. ROBINSON,1MARDIV,1st Marine Division (Camp Pendleton),2026-01-26,UBER TRIP,ground_trans,8.55,DTS-2026-00017
CITI-2026-00102,1119,Cpl,K. ROBINSON,1MARDIV,1st Marine Division (Camp Pendleton),2026-01-26,CHILIS RESTAURANT,meals,37.23,DTS-2026-00017
CITI-2026-00103,1119,Cpl,K. ROBINSON,1MARDIV,1st Marine Division (Camp Pendleton),2026-01-29,OLIVE GARDEN,meals,18.23,DTS-2026-00017
CITI-2026-00104,1119,Cpl,K. ROBINSON,1MARDIV,1st Marine Division (Camp Pendleton),2026-01-26,SUBWAY SANDWICHES,meals,37.7,DTS-2026-00017
CITI-2026-00105,1126,1stSgt,K. HALL,1MARDIV,1st Marine Division (Camp Pendleton),2026-02-06,HILTON GARDEN INN,lodging,1977.18,DTS-2026-00018
CITI-2026-00106,1126,1stSgt,K. HALL,1MARDIV,1st Marine Division (Camp Pendleton),2026-02-03,UNITED AIRLINES,airfare,783.22,DTS-2026-00018
CITI-2026-00107,1126,1stSgt,K. HALL,1MARDIV,1st Marine Division (Camp Pendleton),2026-02-08,UBER TRIP,ground_trans,29.0,DTS-2026-00018
CITI-2026-00108,1126,1stSgt,K. HALL,1MARDIV,1st Marine Division (Camp Pendleton),2026-02-07,WMATA SMARTRIP,ground_trans,28.09,DTS-2026-00018
CITI-2026-00109,1126,1stSgt,K. HALL,1MARDIV,1st Marine Division (Camp Pendleton),2026-02-05,YELLOW CAB CO,ground_trans,13.94,DTS-2026-00018
CITI-2026-00110,1126,1stSgt,K. HALL,1MARDIV,1st Marine Division (Camp Pendleton),2026-02-06,WMATA SMARTRIP,ground_trans,21.82,DTS-2026-00018
CITI-2026-00111,1133,LCpl,L. BAKER,1MARDIV,1st Marine Division (Camp Pendleton),2026-02-20,HILTON GARDEN INN,lodging,446.87,DTS-2026-00019
CITI-2026-00112,1133,LCpl,L. BAKER,1MARDIV,1st Marine Division (Camp Pendleton),2026-02-19,HERTZ RENT-A-CAR,rental_car,359.21,DTS-2026-00019
CITI-2026-00113,1133,LCpl,L. BAKER,1MARDIV,1st Marine Division (Camp Pendleton),2026-02-19,YELLOW CAB CO,ground_trans,6.3,DTS-2026-00019
CITI-2026-00114,1133,LCpl,L. BAKER,1MARDIV,1st Marine Division (Camp Pendleton),2026-02-19,APPLEBEES NEIGHBORHOOD GRILL,meals,54.82,DTS-2026-00019
CITI-2026-00115,1133,LCpl,L. BAKER,1MARDIV,1st Marine Division (Camp Pendleton),2026-02-19,APPLEBEES NEIGHBORHOOD GRILL,meals,18.1,DTS-2026-00019
CITI-2026-00116,1133,LCpl,L. BAKER,1MARDIV,1st Marine Division (Camp Pendleton),2026-02-19,CRACKER BARREL,meals,62.61,DTS-2026-00019
CITI-2026-00117,1140,SSgt,E. MITCHELL,1MARDIV,1st Marine Division (Camp Pendleton),2026-02-07,HILTON GARDEN INN,lodging,301.98,DTS-2026-00020
CITI-2026-00118,1140,SSgt,E. MITCHELL,1MARDIV,1st Marine Division (Camp Pendleton),2026-02-04,DELTA AIR LINES,airfare,378.7,DTS-2026-00020
CITI-2026-00119,1140,SSgt,E. MITCHELL,1MARDIV,1st Marine Division (Camp Pendleton),2026-02-06,BUDGET RENT-A-CAR,rental_car,522.12,DTS-2026-00020
CITI-2026-00120,1140,SSgt,E. MITCHELL,1MARDIV,1st Marine Division (Camp Pendleton),2026-02-07,UBER TRIP,ground_trans,11.66,DTS-2026-00020
CITI-2026-00121,1140,SSgt,E. MITCHELL,1MARDIV,1st Marine Division (Camp Pendleton),2026-02-07,UBER TRIP,ground_trans,33.35,DTS-2026-00020
CITI-2026-00122,1140,SSgt,E. MITCHELL,1MARDIV,1st Marine Division (Camp Pendleton),2026-02-07,YELLOW CAB CO,ground_trans,13.36,DTS-2026-00020
CITI-2026-00123,1140,SSgt,E. MITCHELL,1MARDIV,1st Marine Division (Camp Pendleton),2026-02-07,YELLOW CAB CO,ground_trans,14.11,DTS-2026-00020
CITI-2026-00124,1140,SSgt,E. MITCHELL,1MARDIV,1st Marine Division (Camp Pendleton),2026-02-06,UBER TRIP,ground_trans,5.67,DTS-2026-00020
CITI-2026-00125,1140,SSgt,E. MITCHELL,1MARDIV,1st Marine Division (Camp Pendleton),2026-02-07,HILTON GARDEN INN,lodging,301.98,DTS-2026-00020
CITI-2026-00126,1147,SSgt,B. THOMAS,1MARDIV,1st Marine Division (Camp Pendleton),2026-02-24,HILTON GARDEN INN,lodging,697.11,DTS-2026-00021
CITI-2026-00127,1147,SSgt,B. THOMAS,1MARDIV,1st Marine Division (Camp Pendleton),2026-02-21,UNITED AIRLINES,airfare,318.07,DTS-2026-00021
CITI-2026-00128,1147,SSgt,B. THOMAS,1MARDIV,1st Marine Division (Camp Pendleton),2026-02-23,AVIS RENT-A-CAR,rental_car,203.5,DTS-2026-00021
CITI-2026-00129,1147,SSgt,B. THOMAS,1MARDIV,1st Marine Division (Camp Pendleton),2026-02-26,YELLOW CAB CO,ground_trans,36.18,DTS-2026-00021
CITI-2026-00130,1147,SSgt,B. THOMAS,1MARDIV,1st Marine Division (Camp Pendleton),2026-02-25,YELLOW CAB CO,ground_trans,25.22,DTS-2026-00021
CITI-2026-00131,1154,Maj,C. JACKSON,1MARDIV,1st Marine Division (Camp Pendleton),2026-01-27,HILTON GARDEN INN,lodging,680.21,DTS-2026-00022
CITI-2026-00132,1154,Maj,C. JACKSON,1MARDIV,1st Marine Division (Camp Pendleton),2026-01-27,YELLOW CAB CO,ground_trans,36.27,DTS-2026-00022
CITI-2026-00133,1154,Maj,C. JACKSON,1MARDIV,1st Marine Division (Camp Pendleton),2026-01-27,WMATA SMARTRIP,ground_trans,12.1,DTS-2026-00022
CITI-2026-00134,1154,Maj,C. JACKSON,1MARDIV,1st Marine Division (Camp Pendleton),2026-01-27,LYFT * RIDE,ground_trans,6.89,DTS-2026-00022
CITI-2026-00135,1161,LCpl,O. CAMPBELL,1MARDIV,1st Marine Division (Camp Pendleton),2026-03-15,HILTON GARDEN INN,lodging,591.14,DTS-2026-00023
CITI-2026-00136,1161,LCpl,O. CAMPBELL,1MARDIV,1st Marine Division (Camp Pendleton),2026-03-16,YELLOW CAB CO,ground_trans,20.27,DTS-2026-00023
CITI-2026-00137,1161,LCpl,O. CAMPBELL,1MARDIV,1st Marine Division (Camp Pendleton),2026-03-18,UBER TRIP,ground_trans,6.7,DTS-2026-00023
CITI-2026-00138,1161,LCpl,O. CAMPBELL,1MARDIV,1st Marine Division (Camp Pendleton),2026-03-18,TARGET T-2204,ground_trans,43.32,DTS-2026-00023
CITI-2026-00139,1168,Sgt,T. MITCHELL,1MARDIV,1st Marine Division (Camp Pendleton),2026-02-15,HILTON GARDEN INN,lodging,958.69,DTS-2026-00024
CITI-2026-00140,1168,Sgt,T. MITCHELL,1MARDIV,1st Marine Division (Camp Pendleton),2026-02-17,LYFT * RIDE,ground_trans,30.8,DTS-2026-00024
CITI-2026-00141,1168,Sgt,T. MITCHELL,1MARDIV,1st Marine Division (Camp Pendleton),2026-02-14,UBER TRIP,ground_trans,15.74,DTS-2026-00024
CITI-2026-00142,1168,Sgt,T. MITCHELL,1MARDIV,1st Marine Division (Camp Pendleton),2026-02-16,YELLOW CAB CO,ground_trans,13.8,DTS-2026-00024
CITI-2026-00143,1175,Col,F. HILL,1MARDIV,1st Marine Division (Camp Pendleton),2026-02-06,HILTON GARDEN INN,lodging,206.1,DTS-2026-00025
CITI-2026-00144,1175,Col,F. HILL,1MARDIV,1st Marine Division (Camp Pendleton),2026-02-03,DELTA AIR LINES,airfare,539.11,DTS-2026-00025
CITI-2026-00145,1175,Col,F. HILL,1MARDIV,1st Marine Division (Camp Pendleton),2026-02-05,BUDGET RENT-A-CAR,rental_car,473.51,DTS-2026-00025
CITI-2026-00146,1175,Col,F. HILL,1MARDIV,1st Marine Division (Camp Pendleton),2026-02-05,LYFT * RIDE,ground_trans,23.5,DTS-2026-00025
CITI-2026-00147,1175,Col,F. HILL,1MARDIV,1st Marine Division (Camp Pendleton),2026-02-05,YELLOW CAB CO,ground_trans,8.02,DTS-2026-00025
CITI-2026-00148,1182,LtCol,R. ADAMS,1MARDIV,1st Marine Division (Camp Pendleton),2026-01-22,HILTON GARDEN INN,lodging,641.0,DTS-2026-00026
CITI-2026-00149,1182,LtCol,R. ADAMS,1MARDIV,1st Marine Division (Camp Pendleton),2026-01-19,UNITED AIRLINES,airfare,594.46,DTS-2026-00026
CITI-2026-00150,1182,LtCol,R. ADAMS,1MARDIV,1st Marine Division (Camp Pendleton),2026-01-21,HERTZ RENT-A-CAR,rental_car,454.92,DTS-2026-00026
CITI-2026-00151,1182,LtCol,R. ADAMS,1MARDIV,1st Marine Division (Camp Pendleton),2026-01-22,YELLOW CAB CO,ground_trans,30.36,DTS-2026-00026
CITI-2026-00152,1182,LtCol,R. ADAMS,1MARDIV,1st Marine Division (Camp Pendleton),2026-01-21,YELLOW CAB CO,ground_trans,18.99,DTS-2026-00026
CITI-2026-00153,1182,LtCol,R. ADAMS,1MARDIV,1st Marine Division (Camp Pendleton),2026-01-22,LYFT * RIDE,ground_trans,32.45,DTS-2026-00026
CITI-2026-00154,1182,LtCol,R. ADAMS,1MARDIV,1st Marine Division (Camp Pendleton),2026-01-21,WMATA SMARTRIP,ground_trans,10.08,DTS-2026-00026
CITI-2026-00155,1189,CWO3,M. HILL,1MARDIV,1st Marine Division (Camp Pendleton),2026-03-15,HILTON GARDEN INN,lodging,331.11,DTS-2026-00027
CITI-2026-00156,1189,CWO3,M. HILL,1MARDIV,1st Marine Division (Camp Pendleton),2026-03-14,BUDGET RENT-A-CAR,rental_car,188.55,DTS-2026-00027
CITI-2026-00157,1189,CWO3,M. HILL,1MARDIV,1st Marine Division (Camp Pendleton),2026-03-16,YELLOW CAB CO,ground_trans,25.45,DTS-2026-00027
CITI-2026-00158,1189,CWO3,M. HILL,1MARDIV,1st Marine Division (Camp Pendleton),2026-03-15,WMATA SMARTRIP,ground_trans,23.59,DTS-2026-00027
CITI-2026-00159,1189,CWO3,M. HILL,1MARDIV,1st Marine Division (Camp Pendleton),2026-03-15,WMATA SMARTRIP,ground_trans,28.19,DTS-2026-00027
CITI-2026-00160,1189,CWO3,M. HILL,1MARDIV,1st Marine Division (Camp Pendleton),2026-03-15,LYFT * RIDE,ground_trans,13.98,DTS-2026-00027
CITI-2026-00161,1189,CWO3,M. HILL,1MARDIV,1st Marine Division (Camp Pendleton),2026-03-16,CRACKER BARREL,meals,36.87,DTS-2026-00027
CITI-2026-00162,1189,CWO3,M. HILL,1MARDIV,1st Marine Division (Camp Pendleton),2026-03-16,CRACKER BARREL,meals,33.9,DTS-2026-00027
CITI-2026-00163,1189,CWO3,M. HILL,1MARDIV,1st Marine Division (Camp Pendleton),2026-03-15,BEST BUY #0481,non_authorized,281.02,DTS-2026-00027
CITI-2026-00164,1196,CWO3,F. TORRES,1MARDIV,1st Marine Division (Camp Pendleton),2026-01-05,HILTON GARDEN INN,lodging,1343.14,DTS-2026-00028
CITI-2026-00165,1196,CWO3,F. TORRES,1MARDIV,1st Marine Division (Camp Pendleton),2026-01-02,DELTA AIR LINES,airfare,352.49,DTS-2026-00028
CITI-2026-00166,1196,CWO3,F. TORRES,1MARDIV,1st Marine Division (Camp Pendleton),2026-01-04,HERTZ RENT-A-CAR,rental_car,272.4,DTS-2026-00028
CITI-2026-00167,1196,CWO3,F. TORRES,1MARDIV,1st Marine Division (Camp Pendleton),2026-01-04,LYFT * RIDE,ground_trans,29.26,DTS-2026-00028
CITI-2026-00168,1196,CWO3,F. TORRES,1MARDIV,1st Marine Division (Camp Pendleton),2026-01-05,LYFT * RIDE,ground_trans,32.87,DTS-2026-00028
CITI-2026-00169,1196,CWO3,F. TORRES,1MARDIV,1st Marine Division (Camp Pendleton),2026-01-09,UBER TRIP,ground_trans,14.73,DTS-2026-00028
CITI-2026-00170,1196,CWO3,F. TORRES,1MARDIV,1st Marine Division (Camp Pendleton),2026-01-07,YELLOW CAB CO,ground_trans,17.84,DTS-2026-00028
CITI-2026-00171,1203,Capt,A. PEREZ,1MARDIV,1st Marine Division (Camp Pendleton),2026-01-22,UNITED AIRLINES,airfare,801.13,DTS-2026-00029
CITI-2026-00172,1203,Capt,A. PEREZ,1MARDIV,1st Marine Division (Camp Pendleton),2026-01-24,ENTERPRISE RENT-A-CAR,rental_car,435.84,DTS-2026-00029
CITI-2026-00173,1203,Capt,A. PEREZ,1MARDIV,1st Marine Division (Camp Pendleton),2026-01-24,YELLOW CAB CO,ground_trans,23.2,DTS-2026-00029
CITI-2026-00174,1203,Capt,A. PEREZ,1MARDIV,1st Marine Division (Camp Pendleton),2026-01-25,YELLOW CAB CO,ground_trans,31.13,DTS-2026-00029
CITI-2026-00175,1203,Capt,A. PEREZ,1MARDIV,1st Marine Division (Camp Pendleton),2026-01-26,LYFT * RIDE,ground_trans,31.19,DTS-2026-00029
CITI-2026-00176,1210,LtCol,K. ROBERTS,1MARDIV,1st Marine Division (Camp Pendleton),2026-02-26,HILTON GARDEN INN,lodging,1124.41,DTS-2026-00030
CITI-2026-00177,1210,LtCol,K. ROBERTS,1MARDIV,1st Marine Division (Camp Pendleton),2026-03-01,WMATA SMARTRIP,ground_trans,15.53,DTS-2026-00030
CITI-2026-00178,1210,LtCol,K. ROBERTS,1MARDIV,1st Marine Division (Camp Pendleton),2026-02-27,YELLOW CAB CO,ground_trans,14.3,DTS-2026-00030
CITI-2026-00179,1210,LtCol,K. ROBERTS,1MARDIV,1st Marine Division (Camp Pendleton),2026-02-28,CHIPOTLE MEXICAN GRILL,meals,45.74,DTS-2026-00030
CITI-2026-00180,1217,Maj,E. GREEN,1MARDIV,1st Marine Division (Camp Pendleton),2026-01-19,HILTON GARDEN INN,lodging,425.37,DTS-2026-00031
CITI-2026-00181,1217,Maj,E. GREEN,1MARDIV,1st Marine Division (Camp Pendleton),2026-01-18,WMATA SMARTRIP,ground_trans,37.26,DTS-2026-00031
CITI-2026-00182,1217,Maj,E. GREEN,1MARDIV,1st Marine Division (Camp Pendleton),2026-01-20,UBER TRIP,ground_trans,10.89,DTS-2026-00031
CITI-2026-00183,1224,Cpl,G. YOUNG,1MARDIV,1st Marine Division (Camp Pendleton),2026-03-18,HILTON GARDEN INN,lodging,976.55,DTS-2026-00032
CITI-2026-00184,1224,Cpl,G. YOUNG,1MARDIV,1st Marine Division (Camp Pendleton),2026-03-15,SOUTHWEST AIRLINES,airfare,684.3,DTS-2026-00032
CITI-2026-00185,1224,Cpl,G. YOUNG,1MARDIV,1st Marine Division (Camp Pendleton),2026-03-17,AVIS RENT-A-CAR,rental_car,433.59,DTS-2026-00032
CITI-2026-00186,1224,Cpl,G. YOUNG,1MARDIV,1st Marine Division (Camp Pendleton),2026-03-19,WMATA SMARTRIP,ground_trans,19.36,DTS-2026-00032
CITI-2026-00187,1224,Cpl,G. YOUNG,1MARDIV,1st Marine Division (Camp Pendleton),2026-03-17,UBER TRIP,ground_trans,15.26,DTS-2026-00032
CITI-2026-00188,1224,Cpl,G. YOUNG,1MARDIV,1st Marine Division (Camp Pendleton),2026-03-17,WMATA SMARTRIP,ground_trans,18.37,DTS-2026-00032
CITI-2026-00189,1224,Cpl,G. YOUNG,1MARDIV,1st Marine Division (Camp Pendleton),2026-03-19,LYFT * RIDE,ground_trans,12.02,DTS-2026-00032
CITI-2026-00190,1224,Cpl,G. YOUNG,1MARDIV,1st Marine Division (Camp Pendleton),2026-03-19,OLIVE GARDEN,meals,55.05,DTS-2026-00032
CITI-2026-00191,1224,Cpl,G. YOUNG,1MARDIV,1st Marine Division (Camp Pendleton),2026-03-17,APPLEBEES NEIGHBORHOOD GRILL,meals,64.29,DTS-2026-00032
CITI-2026-00192,1231,MSgt,K. GREEN,1MARDIV,1st Marine Division (Camp Pendleton),2026-03-23,HILTON GARDEN INN,lodging,332.27,DTS-2026-00033
CITI-2026-00193,1231,MSgt,K. GREEN,1MARDIV,1st Marine Division (Camp Pendleton),2026-03-20,UNITED AIRLINES,airfare,329.73,DTS-2026-00033
CITI-2026-00194,1231,MSgt,K. GREEN,1MARDIV,1st Marine Division (Camp Pendleton),2026-03-22,YELLOW CAB CO,ground_trans,8.71,DTS-2026-00033
CITI-2026-00195,1231,MSgt,K. GREEN,1MARDIV,1st Marine Division (Camp Pendleton),2026-03-22,YELLOW CAB CO,ground_trans,29.68,DTS-2026-00033
CITI-2026-00196,1231,MSgt,K. GREEN,1MARDIV,1st Marine Division (Camp Pendleton),2026-03-22,UBER TRIP,ground_trans,6.16,DTS-2026-00033
CITI-2026-00197,1231,MSgt,K. GREEN,1MARDIV,1st Marine Division (Camp Pendleton),2026-03-22,SUBWAY SANDWICHES,meals,12.59,DTS-2026-00033
CITI-2026-00198,1231,MSgt,K. GREEN,1MARDIV,1st Marine Division (Camp Pendleton),2026-03-22,SUBWAY SANDWICHES,meals,23.94,DTS-2026-00033
CITI-2026-00199,1231,MSgt,K. GREEN,1MARDIV,1st Marine Division (Camp Pendleton),2026-03-23,CRACKER BARREL,meals,40.86,DTS-2026-00033
CITI-2026-00200,1238,LtCol,W. WALKER,IIMEF,II MEF Force HQ (Camp Lejeune),2026-01-22,HILTON GARDEN INN,lodging,503.91,DTS-2026-00034
CITI-2026-00201,1238,LtCol,W. WALKER,IIMEF,II MEF Force HQ (Camp Lejeune),2026-01-22,LYFT * RIDE,ground_trans,18.14,DTS-2026-00034
CITI-2026-00202,1245,CWO2,A. MARTINEZ,IIMEF,II MEF Force HQ (Camp Lejeune),2026-02-02,MARRIOTT GAITHERSBG MD,lodging,948.81,DTS-2026-00035
CITI-2026-00203,1245,CWO2,A. MARTINEZ,IIMEF,II MEF Force HQ (Camp Lejeune),2026-01-30,DELTA AIR LINES,airfare,1062.93,DTS-2026-00035
CITI-2026-00204,1245,CWO2,A. MARTINEZ,IIMEF,II MEF Force HQ (Camp Lejeune),2026-02-02,LYFT * RIDE,ground_trans,9.75,DTS-2026-00035
CITI-2026-00205,1245,CWO2,A. MARTINEZ,IIMEF,II MEF Force HQ (Camp Lejeune),2026-02-04,UBER TRIP,ground_trans,17.44,DTS-2026-00035
CITI-2026-00206,1245,CWO2,A. MARTINEZ,IIMEF,II MEF Force HQ (Camp Lejeune),2026-02-05,WMATA SMARTRIP,ground_trans,14.32,DTS-2026-00035
CITI-2026-00207,1252,LCpl,A. WRIGHT,IIMEF,II MEF Force HQ (Camp Lejeune),2026-03-11,MARRIOTT GAITHERSBG MD,lodging,1658.53,DTS-2026-00036
CITI-2026-00208,1252,LCpl,A. WRIGHT,IIMEF,II MEF Force HQ (Camp Lejeune),2026-03-08,AMERICAN AIRLINES,airfare,779.81,DTS-2026-00036
CITI-2026-00209,1252,LCpl,A. WRIGHT,IIMEF,II MEF Force HQ (Camp Lejeune),2026-03-10,BUDGET RENT-A-CAR,rental_car,365.04,DTS-2026-00036
CITI-2026-00210,1252,LCpl,A. WRIGHT,IIMEF,II MEF Force HQ (Camp Lejeune),2026-03-15,UBER TRIP,ground_trans,12.01,DTS-2026-00036
CITI-2026-00211,1252,LCpl,A. WRIGHT,IIMEF,II MEF Force HQ (Camp Lejeune),2026-03-14,WMATA SMARTRIP,ground_trans,11.5,DTS-2026-00036
CITI-2026-00212,1252,LCpl,A. WRIGHT,IIMEF,II MEF Force HQ (Camp Lejeune),2026-03-14,WMATA SMARTRIP,ground_trans,17.06,DTS-2026-00036
CITI-2026-00213,1252,LCpl,A. WRIGHT,IIMEF,II MEF Force HQ (Camp Lejeune),2026-03-11,YELLOW CAB CO,ground_trans,29.83,DTS-2026-00036
CITI-2026-00214,1259,GySgt,H. ALLEN,IIMEF,II MEF Force HQ (Camp Lejeune),2026-01-06,HILTON GARDEN INN,lodging,342.19,DTS-2026-00037
CITI-2026-00215,1259,GySgt,H. ALLEN,IIMEF,II MEF Force HQ (Camp Lejeune),2026-01-06,UBER TRIP,ground_trans,10.42,DTS-2026-00037
CITI-2026-00216,1266,Maj,E. ANDERSON,IIMEF,II MEF Force HQ (Camp Lejeune),2026-02-08,HILTON GARDEN INN,lodging,634.36,DTS-2026-00038
CITI-2026-00217,1266,Maj,E. ANDERSON,IIMEF,II MEF Force HQ (Camp Lejeune),2026-02-07,BUDGET RENT-A-CAR,rental_car,196.65,DTS-2026-00038
CITI-2026-00218,1266,Maj,E. ANDERSON,IIMEF,II MEF Force HQ (Camp Lejeune),2026-02-12,YELLOW CAB CO,ground_trans,23.7,DTS-2026-00038
CITI-2026-00219,1266,Maj,E. ANDERSON,IIMEF,II MEF Force HQ (Camp Lejeune),2026-02-10,LYFT * RIDE,ground_trans,32.15,DTS-2026-00038
CITI-2026-00220,1266,Maj,E. ANDERSON,IIMEF,II MEF Force HQ (Camp Lejeune),2026-02-07,YELLOW CAB CO,ground_trans,30.33,DTS-2026-00038
CITI-2026-00221,1273,1stSgt,B. SCOTT,IIMEF,II MEF Force HQ (Camp Lejeune),2026-02-15,MARRIOTT GAITHERSBG MD,lodging,357.58,DTS-2026-00039
CITI-2026-00222,1273,1stSgt,B. SCOTT,IIMEF,II MEF Force HQ (Camp Lejeune),2026-02-12,DELTA AIR LINES,airfare,1070.11,DTS-2026-00039
CITI-2026-00223,1273,1stSgt,B. SCOTT,IIMEF,II MEF Force HQ (Camp Lejeune),2026-02-14,BUDGET RENT-A-CAR,rental_car,380.95,DTS-2026-00039
CITI-2026-00224,1273,1stSgt,B. SCOTT,IIMEF,II MEF Force HQ (Camp Lejeune),2026-02-14,WMATA SMARTRIP,ground_trans,36.73,DTS-2026-00039
CITI-2026-00225,1273,1stSgt,B. SCOTT,IIMEF,II MEF Force HQ (Camp Lejeune),2026-02-14,LYFT * RIDE,ground_trans,10.21,DTS-2026-00039
CITI-2026-00226,1280,LCpl,A. CLARK,IIMEF,II MEF Force HQ (Camp Lejeune),2026-03-18,HILTON GARDEN INN,lodging,221.71,DTS-2026-00040
CITI-2026-00227,1280,LCpl,A. CLARK,IIMEF,II MEF Force HQ (Camp Lejeune),2026-03-17,LYFT * RIDE,ground_trans,17.31,DTS-2026-00040
CITI-2026-00228,1280,LCpl,A. CLARK,IIMEF,II MEF Force HQ (Camp Lejeune),2026-03-18,UBER TRIP,ground_trans,10.81,DTS-2026-00040
CITI-2026-00229,1280,LCpl,A. CLARK,IIMEF,II MEF Force HQ (Camp Lejeune),2026-03-17,UBER TRIP,ground_trans,11.61,DTS-2026-00040
CITI-2026-00230,1280,LCpl,A. CLARK,IIMEF,II MEF Force HQ (Camp Lejeune),2026-03-17,PANERA BREAD,meals,40.12,DTS-2026-00040
CITI-2026-00231,1280,LCpl,A. CLARK,IIMEF,II MEF Force HQ (Camp Lejeune),2026-03-18,PANERA BREAD,meals,10.76,DTS-2026-00040
CITI-2026-00232,1280,LCpl,A. CLARK,IIMEF,II MEF Force HQ (Camp Lejeune),2026-03-17,CHIPOTLE MEXICAN GRILL,meals,13.48,DTS-2026-00040
CITI-2026-00233,1287,Cpl,D. MARTIN,IIMEF,II MEF Force HQ (Camp Lejeune),2026-02-26,MARRIOTT GAITHERSBG MD,lodging,1721.03,DTS-2026-00041
CITI-2026-00234,1287,Cpl,D. MARTIN,IIMEF,II MEF Force HQ (Camp Lejeune),2026-02-23,DELTA AIR LINES,airfare,503.98,DTS-2026-00041
CITI-2026-00235,1287,Cpl,D. MARTIN,IIMEF,II MEF Force HQ (Camp Lejeune),2026-02-26,LYFT * RIDE,ground_trans,27.01,DTS-2026-00041
CITI-2026-00236,1287,Cpl,D. MARTIN,IIMEF,II MEF Force HQ (Camp Lejeune),2026-02-27,UBER TRIP,ground_trans,25.05,DTS-2026-00041
CITI-2026-00237,1287,Cpl,D. MARTIN,IIMEF,II MEF Force HQ (Camp Lejeune),2026-02-28,UBER TRIP,ground_trans,13.01,DTS-2026-00041
CITI-2026-00238,1287,Cpl,D. MARTIN,IIMEF,II MEF Force HQ (Camp Lejeune),2026-02-26,SUBWAY SANDWICHES,meals,39.01,DTS-2026-00041
CITI-2026-00239,1287,Cpl,D. MARTIN,IIMEF,II MEF Force HQ (Camp Lejeune),2026-02-26,CHIPOTLE MEXICAN GRILL,meals,22.63,DTS-2026-00041
CITI-2026-00240,1287,Cpl,D. MARTIN,IIMEF,II MEF Force HQ (Camp Lejeune),2026-02-25,STARBUCKS,meals,17.24,DTS-2026-00041
CITI-2026-00241,1294,GySgt,W. CARTER,IIMEF,II MEF Force HQ (Camp Lejeune),2026-01-08,MARRIOTT GAITHERSBG MD,lodging,1969.81,DTS-2026-00042
CITI-2026-00242,1294,GySgt,W. CARTER,IIMEF,II MEF Force HQ (Camp Lejeune),2026-01-05,SOUTHWEST AIRLINES,airfare,1148.6,DTS-2026-00042
CITI-2026-00243,1294,GySgt,W. CARTER,IIMEF,II MEF Force HQ (Camp Lejeune),2026-01-08,WMATA SMARTRIP,ground_trans,26.08,DTS-2026-00042
CITI-2026-00244,1294,GySgt,W. CARTER,IIMEF,II MEF Force HQ (Camp Lejeune),2026-01-08,LYFT * RIDE,ground_trans,35.04,DTS-2026-00042
CITI-2026-00245,1294,GySgt,W. CARTER,IIMEF,II MEF Force HQ (Camp Lejeune),2026-01-07,OLIVE GARDEN,meals,39.09,DTS-2026-00042
CITI-2026-00246,1294,GySgt,W. CARTER,IIMEF,II MEF Force HQ (Camp Lejeune),2026-01-12,PANERA BREAD,meals,38.6,DTS-2026-00042
CITI-2026-00247,1294,GySgt,W. CARTER,IIMEF,II MEF Force HQ (Camp Lejeune),2026-01-07,CRACKER BARREL,meals,47.77,DTS-2026-00042
CITI-2026-00248,1301,1stSgt,T. THOMAS,IIMEF,II MEF Force HQ (Camp Lejeune),2026-01-30,MARRIOTT GAITHERSBG MD,lodging,1627.19,DTS-2026-00043
CITI-2026-00249,1301,1stSgt,T. THOMAS,IIMEF,II MEF Force HQ (Camp Lejeune),2026-01-27,AMERICAN AIRLINES,airfare,1047.96,DTS-2026-00043
CITI-2026-00250,1301,1stSgt,T. THOMAS,IIMEF,II MEF Force HQ (Camp Lejeune),2026-02-01,WMATA SMARTRIP,ground_trans,5.42,DTS-2026-00043
CITI-2026-00251,1301,1stSgt,T. THOMAS,IIMEF,II MEF Force HQ (Camp Lejeune),2026-02-03,PANERA BREAD,meals,46.04,DTS-2026-00043
CITI-2026-00252,1308,1stLt,E. BROWN,IIMEF,II MEF Force HQ (Camp Lejeune),2026-02-24,HILTON GARDEN INN,lodging,694.97,DTS-2026-00044
CITI-2026-00253,1308,1stLt,E. BROWN,IIMEF,II MEF Force HQ (Camp Lejeune),2026-02-21,SOUTHWEST AIRLINES,airfare,649.36,DTS-2026-00044
CITI-2026-00254,1308,1stLt,E. BROWN,IIMEF,II MEF Force HQ (Camp Lejeune),2026-02-27,UBER TRIP,ground_trans,33.99,DTS-2026-00044
CITI-2026-00255,1308,1stLt,E. BROWN,IIMEF,II MEF Force HQ (Camp Lejeune),2026-02-23,WMATA SMARTRIP,ground_trans,13.97,DTS-2026-00044
CITI-2026-00256,1315,GySgt,P. ADAMS,IIMEF,II MEF Force HQ (Camp Lejeune),2026-03-14,HILTON GARDEN INN,lodging,782.7,DTS-2026-00045
CITI-2026-00257,1315,GySgt,P. ADAMS,IIMEF,II MEF Force HQ (Camp Lejeune),2026-03-13,BUDGET RENT-A-CAR,rental_car,495.14,DTS-2026-00045
CITI-2026-00258,1315,GySgt,P. ADAMS,IIMEF,II MEF Force HQ (Camp Lejeune),2026-03-18,WMATA SMARTRIP,ground_trans,16.92,DTS-2026-00045
CITI-2026-00259,1315,GySgt,P. ADAMS,IIMEF,II MEF Force HQ (Camp Lejeune),2026-03-17,LYFT * RIDE,ground_trans,34.22,DTS-2026-00045
CITI-2026-00260,1315,GySgt,P. ADAMS,IIMEF,II MEF Force HQ (Camp Lejeune),2026-03-17,OLIVE GARDEN,meals,61.17,DTS-2026-00045
CITI-2026-00261,1315,GySgt,P. ADAMS,IIMEF,II MEF Force HQ (Camp Lejeune),2026-03-14,HILTON GARDEN INN,lodging,782.7,DTS-2026-00045
CITI-2026-00262,1322,1stLt,D. THOMPSON,IIMEF,II MEF Force HQ (Camp Lejeune),2026-01-26,HILTON GARDEN INN,lodging,752.82,DTS-2026-00046
CITI-2026-00263,1322,1stLt,D. THOMPSON,IIMEF,II MEF Force HQ (Camp Lejeune),2026-01-23,UNITED AIRLINES,airfare,702.04,DTS-2026-00046
CITI-2026-00264,1322,1stLt,D. THOMPSON,IIMEF,II MEF Force HQ (Camp Lejeune),2026-01-25,AVIS RENT-A-CAR,rental_car,291.27,DTS-2026-00046
CITI-2026-00265,1322,1stLt,D. THOMPSON,IIMEF,II MEF Force HQ (Camp Lejeune),2026-01-28,LYFT * RIDE,ground_trans,31.04,DTS-2026-00046
CITI-2026-00266,1322,1stLt,D. THOMPSON,IIMEF,II MEF Force HQ (Camp Lejeune),2026-01-28,WMATA SMARTRIP,ground_trans,24.56,DTS-2026-00046
CITI-2026-00267,1322,1stLt,D. THOMPSON,IIMEF,II MEF Force HQ (Camp Lejeune),2026-01-27,CHILIS RESTAURANT,meals,51.21,DTS-2026-00046
CITI-2026-00268,1322,1stLt,D. THOMPSON,IIMEF,II MEF Force HQ (Camp Lejeune),2026-01-29,STARBUCKS,meals,57.39,DTS-2026-00046
CITI-2026-00269,1329,Maj,F. BROWN,IIMEF,II MEF Force HQ (Camp Lejeune),2026-02-24,HILTON GARDEN INN,lodging,380.5,DTS-2026-00047
CITI-2026-00270,1329,Maj,F. BROWN,IIMEF,II MEF Force HQ (Camp Lejeune),2026-02-21,UNITED AIRLINES,airfare,1030.74,DTS-2026-00047
CITI-2026-00271,1329,Maj,F. BROWN,IIMEF,II MEF Force HQ (Camp Lejeune),2026-02-25,CRACKER BARREL,meals,19.95,DTS-2026-00047
CITI-2026-00272,1329,Maj,F. BROWN,IIMEF,II MEF Force HQ (Camp Lejeune),2026-02-24,CHILIS RESTAURANT,meals,52.81,DTS-2026-00047
CITI-2026-00273,1329,Maj,F. BROWN,IIMEF,II MEF Force HQ (Camp Lejeune),2026-02-23,CHILIS RESTAURANT,meals,59.66,DTS-2026-00047
CITI-2026-00274,1336,MSgt,N. RIVERA,IIMEF,II MEF Force HQ (Camp Lejeune),2026-03-01,HILTON GARDEN INN,lodging,499.65,DTS-2026-00048
CITI-2026-00275,1336,MSgt,N. RIVERA,IIMEF,II MEF Force HQ (Camp Lejeune),2026-02-26,UNITED AIRLINES,airfare,692.59,DTS-2026-00048
CITI-2026-00276,1336,MSgt,N. RIVERA,IIMEF,II MEF Force HQ (Camp Lejeune),2026-02-28,BUDGET RENT-A-CAR,rental_car,239.71,DTS-2026-00048
CITI-2026-00277,1336,MSgt,N. RIVERA,IIMEF,II MEF Force HQ (Camp Lejeune),2026-03-03,YELLOW CAB CO,ground_trans,27.65,DTS-2026-00048
CITI-2026-00278,1336,MSgt,N. RIVERA,IIMEF,II MEF Force HQ (Camp Lejeune),2026-03-02,UBER TRIP,ground_trans,10.05,DTS-2026-00048
CITI-2026-00279,1336,MSgt,N. RIVERA,IIMEF,II MEF Force HQ (Camp Lejeune),2026-02-28,LYFT * RIDE,ground_trans,12.59,DTS-2026-00048
CITI-2026-00280,1336,MSgt,N. RIVERA,IIMEF,II MEF Force HQ (Camp Lejeune),2026-02-28,HOME DEPOT #6711,ground_trans,208.05,DTS-2026-00048
CITI-2026-00281,1343,Maj,P. TAYLOR,IIMEF,II MEF Force HQ (Camp Lejeune),2026-01-13,HILTON GARDEN INN,lodging,219.08,DTS-2026-00049
CITI-2026-00282,1343,Maj,P. TAYLOR,IIMEF,II MEF Force HQ (Camp Lejeune),2026-01-10,SOUTHWEST AIRLINES,airfare,512.78,DTS-2026-00049
CITI-2026-00283,1343,Maj,P. TAYLOR,IIMEF,II MEF Force HQ (Camp Lejeune),2026-01-12,YELLOW CAB CO,ground_trans,10.67,DTS-2026-00049
CITI-2026-00284,1350,2ndLt,C. GREEN,IIMEF,II MEF Force HQ (Camp Lejeune),2026-01-03,HILTON GARDEN INN,lodging,1087.45,DTS-2026-00050
CITI-2026-00285,1350,2ndLt,C. GREEN,IIMEF,II MEF Force HQ (Camp Lejeune),2026-01-02,BUDGET RENT-A-CAR,rental_car,450.53,DTS-2026-00050
CITI-2026-00286,1350,2ndLt,C. GREEN,IIMEF,II MEF Force HQ (Camp Lejeune),2026-01-07,LYFT * RIDE,ground_trans,7.33,DTS-2026-00050
CITI-2026-00287,1350,2ndLt,C. GREEN,IIMEF,II MEF Force HQ (Camp Lejeune),2026-01-08,CHILIS RESTAURANT,meals,51.89,DTS-2026-00050
CITI-2026-00288,1350,2ndLt,C. GREEN,IIMEF,II MEF Force HQ (Camp Lejeune),2026-01-03,PANERA BREAD,meals,44.88,DTS-2026-00050
CITI-2026-00289,1350,2ndLt,C. GREEN,IIMEF,II MEF Force HQ (Camp Lejeune),2026-01-04,CHIPOTLE MEXICAN GRILL,meals,61.01,DTS-2026-00050
CITI-2026-00290,1357,GySgt,P. WHITE,IIMEF,II MEF Force HQ (Camp Lejeune),2026-03-06,MARRIOTT GAITHERSBG MD,lodging,1848.38,DTS-2026-00051
CITI-2026-00291,1357,GySgt,P. WHITE,IIMEF,II MEF Force HQ (Camp Lejeune),2026-03-03,SOUTHWEST AIRLINES,airfare,695.9,DTS-2026-00051
CITI-2026-00292,1357,GySgt,P. WHITE,IIMEF,II MEF Force HQ (Camp Lejeune),2026-03-09,YELLOW CAB CO,ground_trans,6.32,DTS-2026-00051
CITI-2026-00293,1357,GySgt,P. WHITE,IIMEF,II MEF Force HQ (Camp Lejeune),2026-03-08,CHIPOTLE MEXICAN GRILL,meals,49.58,DTS-2026-00051
CITI-2026-00294,1357,GySgt,P. WHITE,IIMEF,II MEF Force HQ (Camp Lejeune),2026-03-09,APPLEBEES NEIGHBORHOOD GRILL,meals,56.1,DTS-2026-00051
CITI-2026-00295,1357,GySgt,P. WHITE,IIMEF,II MEF Force HQ (Camp Lejeune),2026-03-11,CHILIS RESTAURANT,meals,30.64,DTS-2026-00051
CITI-2026-00296,1364,MSgt,N. MARTINEZ,IIMEF,II MEF Force HQ (Camp Lejeune),2026-03-16,MARRIOTT GAITHERSBG MD,lodging,849.85,DTS-2026-00052
CITI-2026-00297,1364,MSgt,N. MARTINEZ,IIMEF,II MEF Force HQ (Camp Lejeune),2026-03-13,SOUTHWEST AIRLINES,airfare,1127.98,DTS-2026-00052
CITI-2026-00298,1364,MSgt,N. MARTINEZ,IIMEF,II MEF Force HQ (Camp Lejeune),2026-03-16,LYFT * RIDE,ground_trans,14.92,DTS-2026-00052
CITI-2026-00299,1364,MSgt,N. MARTINEZ,IIMEF,II MEF Force HQ (Camp Lejeune),2026-03-16,UBER TRIP,ground_trans,18.76,DTS-2026-00052
CITI-2026-00300,1364,MSgt,N. MARTINEZ,IIMEF,II MEF Force HQ (Camp Lejeune),2026-03-18,YELLOW CAB CO,ground_trans,5.62,DTS-2026-00052
CITI-2026-00301,1364,MSgt,N. MARTINEZ,IIMEF,II MEF Force HQ (Camp Lejeune),2026-03-19,CRACKER BARREL,meals,37.66,DTS-2026-00052
CITI-2026-00302,1364,MSgt,N. MARTINEZ,IIMEF,II MEF Force HQ (Camp Lejeune),2026-03-19,PANERA BREAD,meals,22.6,DTS-2026-00052
CITI-2026-00303,1364,MSgt,N. MARTINEZ,IIMEF,II MEF Force HQ (Camp Lejeune),2026-03-18,PANERA BREAD,meals,58.8,DTS-2026-00052
CITI-2026-00304,1371,MSgt,K. ALLEN,IIMEF,II MEF Force HQ (Camp Lejeune),2026-01-02,MARRIOTT GAITHERSBG MD,lodging,1419.56,DTS-2026-00053
CITI-2026-00305,1371,MSgt,K. ALLEN,IIMEF,II MEF Force HQ (Camp Lejeune),2025-12-30,UNITED AIRLINES,airfare,879.33,DTS-2026-00053
CITI-2026-00306,1371,MSgt,K. ALLEN,IIMEF,II MEF Force HQ (Camp Lejeune),2026-01-04,LYFT * RIDE,ground_trans,20.03,DTS-2026-00053
CITI-2026-00307,1371,MSgt,K. ALLEN,IIMEF,II MEF Force HQ (Camp Lejeune),2026-01-04,STARBUCKS,meals,22.04,DTS-2026-00053
CITI-2026-00308,1371,MSgt,K. ALLEN,IIMEF,II MEF Force HQ (Camp Lejeune),2026-01-02,OLIVE GARDEN,meals,61.9,DTS-2026-00053
CITI-2026-00309,1371,MSgt,K. ALLEN,IIMEF,II MEF Force HQ (Camp Lejeune),2026-01-04,OLIVE GARDEN,meals,11.5,DTS-2026-00053
CITI-2026-00310,1378,CWO3,D. ANDERSON,IIMEF,II MEF Force HQ (Camp Lejeune),2026-02-17,MARRIOTT GAITHERSBG MD,lodging,524.9,DTS-2026-00054
CITI-2026-00311,1378,CWO3,D. ANDERSON,IIMEF,II MEF Force HQ (Camp Lejeune),2026-02-14,DELTA AIR LINES,airfare,787.24,DTS-2026-00054
CITI-2026-00312,1378,CWO3,D. ANDERSON,IIMEF,II MEF Force HQ (Camp Lejeune),2026-02-16,HERTZ RENT-A-CAR,rental_car,492.6,DTS-2026-00054
CITI-2026-00313,1378,CWO3,D. ANDERSON,IIMEF,II MEF Force HQ (Camp Lejeune),2026-02-16,YELLOW CAB CO,ground_trans,19.46,DTS-2026-00054
CITI-2026-00314,1385,LCpl,D. NGUYEN,IIMEF,II MEF Force HQ (Camp Lejeune),2026-02-04,MARRIOTT GAITHERSBG MD,lodging,1754.51,DTS-2026-00055
CITI-2026-00315,1385,LCpl,D. NGUYEN,IIMEF,II MEF Force HQ (Camp Lejeune),2026-02-01,SOUTHWEST AIRLINES,airfare,576.24,DTS-2026-00055
CITI-2026-00316,1385,LCpl,D. NGUYEN,IIMEF,II MEF Force HQ (Camp Lejeune),2026-02-03,BUDGET RENT-A-CAR,rental_car,244.23,DTS-2026-00055
CITI-2026-00317,1385,LCpl,D. NGUYEN,IIMEF,II MEF Force HQ (Camp Lejeune),2026-02-09,LYFT * RIDE,ground_trans,5.14,DTS-2026-00055
CITI-2026-00318,1385,LCpl,D. NGUYEN,IIMEF,II MEF Force HQ (Camp Lejeune),2026-02-09,CHIPOTLE MEXICAN GRILL,meals,49.22,DTS-2026-00055
CITI-2026-00319,1385,LCpl,D. NGUYEN,IIMEF,II MEF Force HQ (Camp Lejeune),2026-02-09,APPLEBEES NEIGHBORHOOD GRILL,meals,26.66,DTS-2026-00055
CITI-2026-00320,1385,LCpl,D. NGUYEN,IIMEF,II MEF Force HQ (Camp Lejeune),2026-02-06,SUBWAY SANDWICHES,meals,29.38,DTS-2026-00055
CITI-2026-00321,1392,1stSgt,W. BROWN,IIMEF,II MEF Force HQ (Camp Lejeune),2026-03-15,MARRIOTT GAITHERSBG MD,lodging,557.7,DTS-2026-00056
CITI-2026-00322,1392,1stSgt,W. BROWN,IIMEF,II MEF Force HQ (Camp Lejeune),2026-03-12,AMERICAN AIRLINES,airfare,863.66,DTS-2026-00056
CITI-2026-00323,1392,1stSgt,W. BROWN,IIMEF,II MEF Force HQ (Camp Lejeune),2026-03-14,HERTZ RENT-A-CAR,rental_car,534.2,DTS-2026-00056
CITI-2026-00324,1392,1stSgt,W. BROWN,IIMEF,II MEF Force HQ (Camp Lejeune),2026-03-15,CRACKER BARREL,meals,30.97,DTS-2026-00056
CITI-2026-00325,1392,1stSgt,W. BROWN,IIMEF,II MEF Force HQ (Camp Lejeune),2026-03-15,APPLEBEES NEIGHBORHOOD GRILL,meals,14.13,DTS-2026-00056
CITI-2026-00326,1392,1stSgt,W. BROWN,IIMEF,II MEF Force HQ (Camp Lejeune),2026-03-15,CRACKER BARREL,meals,12.76,DTS-2026-00056
CITI-2026-00327,1399,Maj,W. RIVERA,IIMEF,II MEF Force HQ (Camp Lejeune),2026-02-24,MARRIOTT GAITHERSBG MD,lodging,1236.58,DTS-2026-00057
CITI-2026-00328,1399,Maj,W. RIVERA,IIMEF,II MEF Force HQ (Camp Lejeune),2026-02-21,AMERICAN AIRLINES,airfare,941.2,DTS-2026-00057
CITI-2026-00329,1399,Maj,W. RIVERA,IIMEF,II MEF Force HQ (Camp Lejeune),2026-02-23,ENTERPRISE RENT-A-CAR,rental_car,304.18,DTS-2026-00057
CITI-2026-00330,1399,Maj,W. RIVERA,IIMEF,II MEF Force HQ (Camp Lejeune),2026-02-27,YELLOW CAB CO,ground_trans,25.51,DTS-2026-00057
CITI-2026-00331,1399,Maj,W. RIVERA,IIMEF,II MEF Force HQ (Camp Lejeune),2026-02-26,WMATA SMARTRIP,ground_trans,9.97,DTS-2026-00057
CITI-2026-00332,1399,Maj,W. RIVERA,IIMEF,II MEF Force HQ (Camp Lejeune),2026-02-23,CRACKER BARREL,meals,54.98,DTS-2026-00057
CITI-2026-00333,1399,Maj,W. RIVERA,IIMEF,II MEF Force HQ (Camp Lejeune),2026-02-27,CHIPOTLE MEXICAN GRILL,meals,28.82,DTS-2026-00057
CITI-2026-00334,1406,1stLt,G. NGUYEN,IIMEF,II MEF Force HQ (Camp Lejeune),2026-02-08,HILTON GARDEN INN,lodging,204.45,DTS-2026-00058
CITI-2026-00335,1406,1stLt,G. NGUYEN,IIMEF,II MEF Force HQ (Camp Lejeune),2026-02-05,AMERICAN AIRLINES,airfare,346.24,DTS-2026-00058
CITI-2026-00336,1406,1stLt,G. NGUYEN,IIMEF,II MEF Force HQ (Camp Lejeune),2026-02-07,HERTZ RENT-A-CAR,rental_car,256.34,DTS-2026-00058
CITI-2026-00337,1406,1stLt,G. NGUYEN,IIMEF,II MEF Force HQ (Camp Lejeune),2026-02-07,WMATA SMARTRIP,ground_trans,30.28,DTS-2026-00058
CITI-2026-00338,1406,1stLt,G. NGUYEN,IIMEF,II MEF Force HQ (Camp Lejeune),2026-02-08,UBER TRIP,ground_trans,29.05,DTS-2026-00058
CITI-2026-00339,1406,1stLt,G. NGUYEN,IIMEF,II MEF Force HQ (Camp Lejeune),2026-02-08,UBER TRIP,ground_trans,17.54,DTS-2026-00058
CITI-2026-00340,1406,1stLt,G. NGUYEN,IIMEF,II MEF Force HQ (Camp Lejeune),2026-02-07,UBER TRIP,ground_trans,17.07,DTS-2026-00058
CITI-2026-00341,1406,1stLt,G. NGUYEN,IIMEF,II MEF Force HQ (Camp Lejeune),2026-02-08,PANERA BREAD,meals,63.37,DTS-2026-00058
CITI-2026-00342,1406,1stLt,G. NGUYEN,IIMEF,II MEF Force HQ (Camp Lejeune),2026-02-07,CHILIS RESTAURANT,meals,46.23,DTS-2026-00058
CITI-2026-00343,1413,LtCol,E. MOORE,IIMEF,II MEF Force HQ (Camp Lejeune),2026-02-27,HILTON GARDEN INN,lodging,421.82,DTS-2026-00059
CITI-2026-00344,1413,LtCol,E. MOORE,IIMEF,II MEF Force HQ (Camp Lejeune),2026-02-24,DELTA AIR LINES,airfare,666.67,DTS-2026-00059
CITI-2026-00345,1413,LtCol,E. MOORE,IIMEF,II MEF Force HQ (Camp Lejeune),2026-02-26,BUDGET RENT-A-CAR,rental_car,390.05,DTS-2026-00059
CITI-2026-00346,1413,LtCol,E. MOORE,IIMEF,II MEF Force HQ (Camp Lejeune),2026-02-28,YELLOW CAB CO,ground_trans,16.22,DTS-2026-00059
CITI-2026-00347,1413,LtCol,E. MOORE,IIMEF,II MEF Force HQ (Camp Lejeune),2026-02-27,WMATA SMARTRIP,ground_trans,24.33,DTS-2026-00059
CITI-2026-00348,1413,LtCol,E. MOORE,IIMEF,II MEF Force HQ (Camp Lejeune),2026-03-01,LYFT * RIDE,ground_trans,33.29,DTS-2026-00059
CITI-2026-00349,1413,LtCol,E. MOORE,IIMEF,II MEF Force HQ (Camp Lejeune),2026-02-28,WMATA SMARTRIP,ground_trans,18.02,DTS-2026-00059
CITI-2026-00350,1413,LtCol,E. MOORE,IIMEF,II MEF Force HQ (Camp Lejeune),2026-02-28,WALMART SUPERCENTER,non_authorized,143.12,DTS-2026-00059
CITI-2026-00351,1420,Col,R. ROBERTS,IIMEF,II MEF Force HQ (Camp Lejeune),2026-02-24,MARRIOTT GAITHERSBG MD,lodging,358.8,DTS-2026-00060
CITI-2026-00352,1420,Col,R. ROBERTS,IIMEF,II MEF Force HQ (Camp Lejeune),2026-02-21,DELTA AIR LINES,airfare,711.36,DTS-2026-00060
CITI-2026-00353,1420,Col,R. ROBERTS,IIMEF,II MEF Force HQ (Camp Lejeune),2026-02-23,ENTERPRISE RENT-A-CAR,rental_car,495.23,DTS-2026-00060
CITI-2026-00354,1420,Col,R. ROBERTS,IIMEF,II MEF Force HQ (Camp Lejeune),2026-02-23,UBER TRIP,ground_trans,12.24,DTS-2026-00060
CITI-2026-00355,1420,Col,R. ROBERTS,IIMEF,II MEF Force HQ (Camp Lejeune),2026-02-24,LYFT * RIDE,ground_trans,11.15,DTS-2026-00060
CITI-2026-00356,1420,Col,R. ROBERTS,IIMEF,II MEF Force HQ (Camp Lejeune),2026-02-23,LYFT * RIDE,ground_trans,6.94,DTS-2026-00060
CITI-2026-00357,1427,LtCol,M. CARTER,IIMEF,II MEF Force HQ (Camp Lejeune),2026-03-23,MARRIOTT GAITHERSBG MD,lodging,1079.72,DTS-2026-00061
CITI-2026-00358,1427,LtCol,M. CARTER,IIMEF,II MEF Force HQ (Camp Lejeune),2026-03-20,DELTA AIR LINES,airfare,842.58,DTS-2026-00061
CITI-2026-00359,1427,LtCol,M. CARTER,IIMEF,II MEF Force HQ (Camp Lejeune),2026-03-22,HERTZ RENT-A-CAR,rental_car,223.95,DTS-2026-00061
CITI-2026-00360,1427,LtCol,M. CARTER,IIMEF,II MEF Force HQ (Camp Lejeune),2026-03-25,WMATA SMARTRIP,ground_trans,26.87,DTS-2026-00061
CITI-2026-00361,1427,LtCol,M. CARTER,IIMEF,II MEF Force HQ (Camp Lejeune),2026-03-25,LYFT * RIDE,ground_trans,22.83,DTS-2026-00061
CITI-2026-00362,1427,LtCol,M. CARTER,IIMEF,II MEF Force HQ (Camp Lejeune),2026-03-22,LYFT * RIDE,ground_trans,27.35,DTS-2026-00061
CITI-2026-00363,1427,LtCol,M. CARTER,IIMEF,II MEF Force HQ (Camp Lejeune),2026-03-25,SUBWAY SANDWICHES,meals,16.8,DTS-2026-00061
CITI-2026-00364,1427,LtCol,M. CARTER,IIMEF,II MEF Force HQ (Camp Lejeune),2026-03-22,APPLEBEES NEIGHBORHOOD GRILL,meals,64.87,DTS-2026-00061
CITI-2026-00365,1427,LtCol,M. CARTER,IIMEF,II MEF Force HQ (Camp Lejeune),2026-03-25,CRACKER BARREL,meals,22.34,DTS-2026-00061
CITI-2026-00366,1434,GySgt,N. RODRIGUEZ,IIMEF,II MEF Force HQ (Camp Lejeune),2026-03-26,HILTON GARDEN INN,lodging,266.67,DTS-2026-00062
CITI-2026-00367,1434,GySgt,N. RODRIGUEZ,IIMEF,II MEF Force HQ (Camp Lejeune),2026-03-23,AMERICAN AIRLINES,airfare,1137.13,DTS-2026-00062
CITI-2026-00368,1441,Sgt,A. JOHNSON,IIMEF,II MEF Force HQ (Camp Lejeune),2026-01-07,MARRIOTT GAITHERSBG MD,lodging,811.03,DTS-2026-00063
CITI-2026-00369,1441,Sgt,A. JOHNSON,IIMEF,II MEF Force HQ (Camp Lejeune),2026-01-04,DELTA AIR LINES,airfare,711.45,DTS-2026-00063
CITI-2026-00370,1441,Sgt,A. JOHNSON,IIMEF,II MEF Force HQ (Camp Lejeune),2026-01-07,LYFT * RIDE,ground_trans,22.94,DTS-2026-00063
CITI-2026-00371,1441,Sgt,A. JOHNSON,IIMEF,II MEF Force HQ (Camp Lejeune),2026-01-06,YELLOW CAB CO,ground_trans,30.63,DTS-2026-00063
CITI-2026-00372,1441,Sgt,A. JOHNSON,IIMEF,II MEF Force HQ (Camp Lejeune),2026-01-06,YELLOW CAB CO,ground_trans,33.61,DTS-2026-00063
CITI-2026-00373,1448,MSgt,S. PEREZ,IIMEF,II MEF Force HQ (Camp Lejeune),2026-02-04,MARRIOTT GAITHERSBG MD,lodging,1407.32,DTS-2026-00064
CITI-2026-00374,1448,MSgt,S. PEREZ,IIMEF,II MEF Force HQ (Camp Lejeune),2026-02-01,AMERICAN AIRLINES,airfare,724.77,DTS-2026-00064
CITI-2026-00375,1448,MSgt,S. PEREZ,IIMEF,II MEF Force HQ (Camp Lejeune),2026-02-03,AVIS RENT-A-CAR,rental_car,333.48,DTS-2026-00064
CITI-2026-00376,1448,MSgt,S. PEREZ,IIMEF,II MEF Force HQ (Camp Lejeune),2026-02-03,SUBWAY SANDWICHES,meals,18.57,DTS-2026-00064
CITI-2026-00377,1448,MSgt,S. PEREZ,IIMEF,II MEF Force HQ (Camp Lejeune),2026-02-04,CHIPOTLE MEXICAN GRILL,meals,31.45,DTS-2026-00064
CITI-2026-00378,1448,MSgt,S. PEREZ,IIMEF,II MEF Force HQ (Camp Lejeune),2026-02-03,CHILIS RESTAURANT,meals,13.4,DTS-2026-00064
CITI-2026-00379,1455,Cpl,W. BAKER,IIMEF,II MEF Force HQ (Camp Lejeune),2026-03-21,MARRIOTT GAITHERSBG MD,lodging,1917.88,DTS-2026-00065
CITI-2026-00380,1455,Cpl,W. BAKER,IIMEF,II MEF Force HQ (Camp Lejeune),2026-03-18,SOUTHWEST AIRLINES,airfare,1049.44,DTS-2026-00065
CITI-2026-00381,1455,Cpl,W. BAKER,IIMEF,II MEF Force HQ (Camp Lejeune),2026-03-24,YELLOW CAB CO,ground_trans,12.51,DTS-2026-00065
CITI-2026-00382,1462,LCpl,R. MARTINEZ,IIMEF,II MEF Force HQ (Camp Lejeune),2026-01-06,MARRIOTT GAITHERSBG MD,lodging,350.51,DTS-2026-00066
CITI-2026-00383,1462,LCpl,R. MARTINEZ,IIMEF,II MEF Force HQ (Camp Lejeune),2026-01-03,AMERICAN AIRLINES,airfare,620.82,DTS-2026-00066
CITI-2026-00384,1462,LCpl,R. MARTINEZ,IIMEF,II MEF Force HQ (Camp Lejeune),2026-01-05,BUDGET RENT-A-CAR,rental_car,445.53,DTS-2026-00066
CITI-2026-00385,1462,LCpl,R. MARTINEZ,IIMEF,II MEF Force HQ (Camp Lejeune),2026-01-05,WMATA SMARTRIP,ground_trans,8.11,DTS-2026-00066
CITI-2026-00386,1462,LCpl,R. MARTINEZ,IIMEF,II MEF Force HQ (Camp Lejeune),2026-01-06,YELLOW CAB CO,ground_trans,16.97,DTS-2026-00066
CITI-2026-00387,1462,LCpl,R. MARTINEZ,IIMEF,II MEF Force HQ (Camp Lejeune),2026-01-05,UBER TRIP,ground_trans,16.7,DTS-2026-00066
CITI-2026-00388,1462,LCpl,R. MARTINEZ,IIMEF,II MEF Force HQ (Camp Lejeune),2026-01-06,UBER TRIP,ground_trans,31.54,DTS-2026-00066
CITI-2026-00389,1462,LCpl,R. MARTINEZ,IIMEF,II MEF Force HQ (Camp Lejeune),2026-01-06,STARBUCKS,meals,19.32,DTS-2026-00066
CITI-2026-00390,1469,1stLt,H. MILLER,MARFORPAC,"MARFORPAC HQ (Camp H.M. Smith, HI)",2026-03-27,MARRIOTT GAITHERSBG MD,lodging,541.43,DTS-2026-00067
CITI-2026-00391,1469,1stLt,H. MILLER,MARFORPAC,"MARFORPAC HQ (Camp H.M. Smith, HI)",2026-03-24,AMERICAN AIRLINES,airfare,983.81,DTS-2026-00067
CITI-2026-00392,1469,1stLt,H. MILLER,MARFORPAC,"MARFORPAC HQ (Camp H.M. Smith, HI)",2026-03-26,BUDGET RENT-A-CAR,rental_car,386.19,DTS-2026-00067
CITI-2026-00393,1469,1stLt,H. MILLER,MARFORPAC,"MARFORPAC HQ (Camp H.M. Smith, HI)",2026-03-27,UBER TRIP,ground_trans,19.03,DTS-2026-00067
CITI-2026-00394,1469,1stLt,H. MILLER,MARFORPAC,"MARFORPAC HQ (Camp H.M. Smith, HI)",2026-03-26,WMATA SMARTRIP,ground_trans,27.97,DTS-2026-00067
CITI-2026-00395,1469,1stLt,H. MILLER,MARFORPAC,"MARFORPAC HQ (Camp H.M. Smith, HI)",2026-03-26,WMATA SMARTRIP,ground_trans,18.74,DTS-2026-00067
CITI-2026-00396,1469,1stLt,H. MILLER,MARFORPAC,"MARFORPAC HQ (Camp H.M. Smith, HI)",2026-03-27,SUBWAY SANDWICHES,meals,60.85,DTS-2026-00067
CITI-2026-00397,1469,1stLt,H. MILLER,MARFORPAC,"MARFORPAC HQ (Camp H.M. Smith, HI)",2026-03-26,PANERA BREAD,meals,33.68,DTS-2026-00067
CITI-2026-00398,1476,Cpl,H. HILL,MARFORPAC,"MARFORPAC HQ (Camp H.M. Smith, HI)",2026-01-14,MARRIOTT GAITHERSBG MD,lodging,504.01,DTS-2026-00068
CITI-2026-00399,1476,Cpl,H. HILL,MARFORPAC,"MARFORPAC HQ (Camp H.M. Smith, HI)",2026-01-11,UNITED AIRLINES,airfare,518.47,DTS-2026-00068
CITI-2026-00400,1476,Cpl,H. HILL,MARFORPAC,"MARFORPAC HQ (Camp H.M. Smith, HI)",2026-01-14,WMATA SMARTRIP,ground_trans,22.99,DTS-2026-00068
CITI-2026-00401,1476,Cpl,H. HILL,MARFORPAC,"MARFORPAC HQ (Camp H.M. Smith, HI)",2026-01-14,WMATA SMARTRIP,ground_trans,9.28,DTS-2026-00068
CITI-2026-00402,1483,LCpl,O. MARTINEZ,MARFORPAC,"MARFORPAC HQ (Camp H.M. Smith, HI)",2026-03-21,HILTON GARDEN INN,lodging,1550.04,DTS-2026-00069
CITI-2026-00403,1483,LCpl,O. MARTINEZ,MARFORPAC,"MARFORPAC HQ (Camp H.M. Smith, HI)",2026-03-20,ENTERPRISE RENT-A-CAR,rental_car,203.92,DTS-2026-00069
CITI-2026-00404,1483,LCpl,O. MARTINEZ,MARFORPAC,"MARFORPAC HQ (Camp H.M. Smith, HI)",2026-03-22,LYFT * RIDE,ground_trans,23.25,DTS-2026-00069
CITI-2026-00405,1483,LCpl,O. MARTINEZ,MARFORPAC,"MARFORPAC HQ (Camp H.M. Smith, HI)",2026-03-25,LYFT * RIDE,ground_trans,16.11,DTS-2026-00069
CITI-2026-00406,1483,LCpl,O. MARTINEZ,MARFORPAC,"MARFORPAC HQ (Camp H.M. Smith, HI)",2026-03-22,LYFT * RIDE,ground_trans,33.74,DTS-2026-00069
CITI-2026-00407,1483,LCpl,O. MARTINEZ,MARFORPAC,"MARFORPAC HQ (Camp H.M. Smith, HI)",2026-03-21,WMATA SMARTRIP,ground_trans,8.49,DTS-2026-00069
CITI-2026-00408,1490,CWO3,R. CARTER,MARFORPAC,"MARFORPAC HQ (Camp H.M. Smith, HI)",2026-02-17,HILTON GARDEN INN,lodging,1015.03,DTS-2026-00070
CITI-2026-00409,1490,CWO3,R. CARTER,MARFORPAC,"MARFORPAC HQ (Camp H.M. Smith, HI)",2026-02-14,UNITED AIRLINES,airfare,983.76,DTS-2026-00070
CITI-2026-00410,1490,CWO3,R. CARTER,MARFORPAC,"MARFORPAC HQ (Camp H.M. Smith, HI)",2026-02-19,WMATA SMARTRIP,ground_trans,19.84,DTS-2026-00070
CITI-2026-00411,1490,CWO3,R. CARTER,MARFORPAC,"MARFORPAC HQ (Camp H.M. Smith, HI)",2026-02-19,UBER TRIP,ground_trans,23.88,DTS-2026-00070
CITI-2026-00412,1490,CWO3,R. CARTER,MARFORPAC,"MARFORPAC HQ (Camp H.M. Smith, HI)",2026-02-19,YELLOW CAB CO,ground_trans,34.52,DTS-2026-00070
CITI-2026-00413,1490,CWO3,R. CARTER,MARFORPAC,"MARFORPAC HQ (Camp H.M. Smith, HI)",2026-02-18,YELLOW CAB CO,ground_trans,13.5,DTS-2026-00070
CITI-2026-00414,1490,CWO3,R. CARTER,MARFORPAC,"MARFORPAC HQ (Camp H.M. Smith, HI)",2026-02-17,STARBUCKS,meals,44.44,DTS-2026-00070
CITI-2026-00415,1490,CWO3,R. CARTER,MARFORPAC,"MARFORPAC HQ (Camp H.M. Smith, HI)",2026-02-21,OLIVE GARDEN,meals,20.03,DTS-2026-00070
CITI-2026-00416,1497,LCpl,W. RODRIGUEZ,MARFORPAC,"MARFORPAC HQ (Camp H.M. Smith, HI)",2026-01-10,HILTON GARDEN INN,lodging,748.34,DTS-2026-00071
CITI-2026-00417,1497,LCpl,W. RODRIGUEZ,MARFORPAC,"MARFORPAC HQ (Camp H.M. Smith, HI)",2026-01-07,UNITED AIRLINES,airfare,821.36,DTS-2026-00071
CITI-2026-00418,1497,LCpl,W. RODRIGUEZ,MARFORPAC,"MARFORPAC HQ (Camp H.M. Smith, HI)",2026-01-10,LYFT * RIDE,ground_trans,6.08,DTS-2026-00071
CITI-2026-00419,1497,LCpl,W. RODRIGUEZ,MARFORPAC,"MARFORPAC HQ (Camp H.M. Smith, HI)",2026-01-10,CHILIS RESTAURANT,meals,37.32,DTS-2026-00071
CITI-2026-00420,1497,LCpl,W. RODRIGUEZ,MARFORPAC,"MARFORPAC HQ (Camp H.M. Smith, HI)",2026-01-11,TARGET T-2204,ground_trans,104.56,DTS-2026-00071
CITI-2026-00421,1504,Cpl,P. CAMPBELL,MARFORPAC,"MARFORPAC HQ (Camp H.M. Smith, HI)",2026-03-02,MARRIOTT GAITHERSBG MD,lodging,1798.54,DTS-2026-00072
CITI-2026-00422,1504,Cpl,P. CAMPBELL,MARFORPAC,"MARFORPAC HQ (Camp H.M. Smith, HI)",2026-02-27,AMERICAN AIRLINES,airfare,648.42,DTS-2026-00072
CITI-2026-00423,1504,Cpl,P. CAMPBELL,MARFORPAC,"MARFORPAC HQ (Camp H.M. Smith, HI)",2026-03-01,ENTERPRISE RENT-A-CAR,rental_car,487.27,DTS-2026-00072
CITI-2026-00424,1504,Cpl,P. CAMPBELL,MARFORPAC,"MARFORPAC HQ (Camp H.M. Smith, HI)",2026-03-01,WMATA SMARTRIP,ground_trans,10.32,DTS-2026-00072
CITI-2026-00425,1511,Capt,C. CAMPBELL,MARFORPAC,"MARFORPAC HQ (Camp H.M. Smith, HI)",2026-01-09,HILTON GARDEN INN,lodging,1492.24,DTS-2026-00073
CITI-2026-00426,1511,Capt,C. CAMPBELL,MARFORPAC,"MARFORPAC HQ (Camp H.M. Smith, HI)",2026-01-06,DELTA AIR LINES,airfare,472.49,DTS-2026-00073
CITI-2026-00427,1511,Capt,C. CAMPBELL,MARFORPAC,"MARFORPAC HQ (Camp H.M. Smith, HI)",2026-01-08,BUDGET RENT-A-CAR,rental_car,483.36,DTS-2026-00073
CITI-2026-00428,1511,Capt,C. CAMPBELL,MARFORPAC,"MARFORPAC HQ (Camp H.M. Smith, HI)",2026-01-12,LYFT * RIDE,ground_trans,15.5,DTS-2026-00073
CITI-2026-00429,1511,Capt,C. CAMPBELL,MARFORPAC,"MARFORPAC HQ (Camp H.M. Smith, HI)",2026-01-14,CHILIS RESTAURANT,meals,18.46,DTS-2026-00073
CITI-2026-00430,1518,LtCol,O. NELSON,MARFORPAC,"MARFORPAC HQ (Camp H.M. Smith, HI)",2026-03-20,MARRIOTT GAITHERSBG MD,lodging,1963.92,DTS-2026-00074
CITI-2026-00431,1518,LtCol,O. NELSON,MARFORPAC,"MARFORPAC HQ (Camp H.M. Smith, HI)",2026-03-17,DELTA AIR LINES,airfare,886.89,DTS-2026-00074
CITI-2026-00432,1518,LtCol,O. NELSON,MARFORPAC,"MARFORPAC HQ (Camp H.M. Smith, HI)",2026-03-20,LYFT * RIDE,ground_trans,34.95,DTS-2026-00074
CITI-2026-00433,1518,LtCol,O. NELSON,MARFORPAC,"MARFORPAC HQ (Camp H.M. Smith, HI)",2026-03-23,UBER TRIP,ground_trans,21.71,DTS-2026-00074
CITI-2026-00434,1518,LtCol,O. NELSON,MARFORPAC,"MARFORPAC HQ (Camp H.M. Smith, HI)",2026-03-24,UBER TRIP,ground_trans,22.07,DTS-2026-00074
CITI-2026-00435,1518,LtCol,O. NELSON,MARFORPAC,"MARFORPAC HQ (Camp H.M. Smith, HI)",2026-03-19,SUBWAY SANDWICHES,meals,15.59,DTS-2026-00074
CITI-2026-00436,1518,LtCol,O. NELSON,MARFORPAC,"MARFORPAC HQ (Camp H.M. Smith, HI)",2026-03-20,MARRIOTT GAITHERSBG MD,lodging,1963.92,DTS-2026-00074
CITI-2026-00437,1525,CWO2,L. SCOTT,MARFORPAC,"MARFORPAC HQ (Camp H.M. Smith, HI)",2026-01-11,HILTON GARDEN INN,lodging,614.28,DTS-2026-00075
CITI-2026-00438,1525,CWO2,L. SCOTT,MARFORPAC,"MARFORPAC HQ (Camp H.M. Smith, HI)",2026-01-11,WMATA SMARTRIP,ground_trans,36.39,DTS-2026-00075
CITI-2026-00439,1532,SSgt,P. WILLIAMS,MARFORPAC,"MARFORPAC HQ (Camp H.M. Smith, HI)",2026-01-18,HILTON GARDEN INN,lodging,443.94,DTS-2026-00076
CITI-2026-00440,1532,SSgt,P. WILLIAMS,MARFORPAC,"MARFORPAC HQ (Camp H.M. Smith, HI)",2026-01-17,UBER TRIP,ground_trans,22.92,DTS-2026-00076
CITI-2026-00441,1532,SSgt,P. WILLIAMS,MARFORPAC,"MARFORPAC HQ (Camp H.M. Smith, HI)",2026-01-18,WMATA SMARTRIP,ground_trans,20.48,DTS-2026-00076
CITI-2026-00442,1532,SSgt,P. WILLIAMS,MARFORPAC,"MARFORPAC HQ (Camp H.M. Smith, HI)",2026-01-17,UBER TRIP,ground_trans,8.73,DTS-2026-00076
CITI-2026-00443,1532,SSgt,P. WILLIAMS,MARFORPAC,"MARFORPAC HQ (Camp H.M. Smith, HI)",2026-01-18,UBER TRIP,ground_trans,8.45,DTS-2026-00076
CITI-2026-00444,1532,SSgt,P. WILLIAMS,MARFORPAC,"MARFORPAC HQ (Camp H.M. Smith, HI)",2026-01-18,YELLOW CAB CO,ground_trans,13.12,DTS-2026-00076
CITI-2026-00445,1539,LtCol,S. SANCHEZ,MARFORPAC,"MARFORPAC HQ (Camp H.M. Smith, HI)",2026-01-03,HILTON GARDEN INN,lodging,1152.76,DTS-2026-00077
CITI-2026-00446,1539,LtCol,S. SANCHEZ,MARFORPAC,"MARFORPAC HQ (Camp H.M. Smith, HI)",2025-12-31,AMERICAN AIRLINES,airfare,657.58,DTS-2026-00077
CITI-2026-00447,1539,LtCol,S. SANCHEZ,MARFORPAC,"MARFORPAC HQ (Camp H.M. Smith, HI)",2026-01-02,HERTZ RENT-A-CAR,rental_car,315.1,DTS-2026-00077
CITI-2026-00448,1539,LtCol,S. SANCHEZ,MARFORPAC,"MARFORPAC HQ (Camp H.M. Smith, HI)",2026-01-08,YELLOW CAB CO,ground_trans,17.32,DTS-2026-00077
CITI-2026-00449,1539,LtCol,S. SANCHEZ,MARFORPAC,"MARFORPAC HQ (Camp H.M. Smith, HI)",2026-01-02,YELLOW CAB CO,ground_trans,15.55,DTS-2026-00077
CITI-2026-00450,1539,LtCol,S. SANCHEZ,MARFORPAC,"MARFORPAC HQ (Camp H.M. Smith, HI)",2026-01-04,LYFT * RIDE,ground_trans,16.91,DTS-2026-00077
CITI-2026-00451,1539,LtCol,S. SANCHEZ,MARFORPAC,"MARFORPAC HQ (Camp H.M. Smith, HI)",2026-01-06,SUBWAY SANDWICHES,meals,46.27,DTS-2026-00077
CITI-2026-00452,1546,WO1,A. THOMPSON,MARFORPAC,"MARFORPAC HQ (Camp H.M. Smith, HI)",2026-03-20,SOUTHWEST AIRLINES,airfare,1068.34,DTS-2026-00078
CITI-2026-00453,1546,WO1,A. THOMPSON,MARFORPAC,"MARFORPAC HQ (Camp H.M. Smith, HI)",2026-03-22,ENTERPRISE RENT-A-CAR,rental_car,205.28,DTS-2026-00078
CITI-2026-00454,1546,WO1,A. THOMPSON,MARFORPAC,"MARFORPAC HQ (Camp H.M. Smith, HI)",2026-03-23,WMATA SMARTRIP,ground_trans,10.23,DTS-2026-00078
CITI-2026-00455,1546,WO1,A. THOMPSON,MARFORPAC,"MARFORPAC HQ (Camp H.M. Smith, HI)",2026-03-24,WMATA SMARTRIP,ground_trans,15.94,DTS-2026-00078
CITI-2026-00456,1553,WO1,W. THOMAS,MARFORPAC,"MARFORPAC HQ (Camp H.M. Smith, HI)",2026-01-04,MARRIOTT GAITHERSBG MD,lodging,506.47,DTS-2026-00079
CITI-2026-00457,1553,WO1,W. THOMAS,MARFORPAC,"MARFORPAC HQ (Camp H.M. Smith, HI)",2026-01-01,UNITED AIRLINES,airfare,1017.22,DTS-2026-00079
CITI-2026-00458,1553,WO1,W. THOMAS,MARFORPAC,"MARFORPAC HQ (Camp H.M. Smith, HI)",2026-01-04,YELLOW CAB CO,ground_trans,16.17,DTS-2026-00079
CITI-2026-00459,1560,MSgt,T. DAVIS,MARFORPAC,"MARFORPAC HQ (Camp H.M. Smith, HI)",2026-02-24,HILTON GARDEN INN,lodging,1080.79,DTS-2026-00080
CITI-2026-00460,1560,MSgt,T. DAVIS,MARFORPAC,"MARFORPAC HQ (Camp H.M. Smith, HI)",2026-02-21,AMERICAN AIRLINES,airfare,652.81,DTS-2026-00080
CITI-2026-00461,1560,MSgt,T. DAVIS,MARFORPAC,"MARFORPAC HQ (Camp H.M. Smith, HI)",2026-02-27,UBER TRIP,ground_trans,20.45,DTS-2026-00080
CITI-2026-00462,1560,MSgt,T. DAVIS,MARFORPAC,"MARFORPAC HQ (Camp H.M. Smith, HI)",2026-02-27,LYFT * RIDE,ground_trans,12.85,DTS-2026-00080
CITI-2026-00463,1560,MSgt,T. DAVIS,MARFORPAC,"MARFORPAC HQ (Camp H.M. Smith, HI)",2026-02-24,YELLOW CAB CO,ground_trans,13.9,DTS-2026-00080
CITI-2026-00464,1560,MSgt,T. DAVIS,MARFORPAC,"MARFORPAC HQ (Camp H.M. Smith, HI)",2026-02-27,CRACKER BARREL,meals,28.61,DTS-2026-00080
CITI-2026-00465,1560,MSgt,T. DAVIS,MARFORPAC,"MARFORPAC HQ (Camp H.M. Smith, HI)",2026-02-27,PANERA BREAD,meals,27.05,DTS-2026-00080
CITI-2026-00466,1560,MSgt,T. DAVIS,MARFORPAC,"MARFORPAC HQ (Camp H.M. Smith, HI)",2026-02-23,CHILIS RESTAURANT,meals,61.19,DTS-2026-00080
CITI-2026-00467,1567,GySgt,L. THOMAS,MARFORPAC,"MARFORPAC HQ (Camp H.M. Smith, HI)",2026-01-28,HILTON GARDEN INN,lodging,1136.45,DTS-2026-00081
CITI-2026-00468,1567,GySgt,L. THOMAS,MARFORPAC,"MARFORPAC HQ (Camp H.M. Smith, HI)",2026-01-25,AMERICAN AIRLINES,airfare,588.08,DTS-2026-00081
CITI-2026-00469,1567,GySgt,L. THOMAS,MARFORPAC,"MARFORPAC HQ (Camp H.M. Smith, HI)",2026-01-27,HERTZ RENT-A-CAR,rental_car,369.66,DTS-2026-00081
CITI-2026-00470,1567,GySgt,L. THOMAS,MARFORPAC,"MARFORPAC HQ (Camp H.M. Smith, HI)",2026-01-31,WMATA SMARTRIP,ground_trans,9.29,DTS-2026-00081
CITI-2026-00471,1567,GySgt,L. THOMAS,MARFORPAC,"MARFORPAC HQ (Camp H.M. Smith, HI)",2026-01-29,YELLOW CAB CO,ground_trans,14.78,DTS-2026-00081
CITI-2026-00472,1567,GySgt,L. THOMAS,MARFORPAC,"MARFORPAC HQ (Camp H.M. Smith, HI)",2026-01-31,LYFT * RIDE,ground_trans,17.3,DTS-2026-00081
CITI-2026-00473,1567,GySgt,L. THOMAS,MARFORPAC,"MARFORPAC HQ (Camp H.M. Smith, HI)",2026-02-01,WMATA SMARTRIP,ground_trans,11.42,DTS-2026-00081
CITI-2026-00474,1567,GySgt,L. THOMAS,MARFORPAC,"MARFORPAC HQ (Camp H.M. Smith, HI)",2026-01-28,STARBUCKS,meals,54.61,DTS-2026-00081
CITI-2026-00475,1574,SSgt,H. CAMPBELL,MARFORPAC,"MARFORPAC HQ (Camp H.M. Smith, HI)",2026-01-15,HILTON GARDEN INN,lodging,817.38,DTS-2026-00082
CITI-2026-00476,1574,SSgt,H. CAMPBELL,MARFORPAC,"MARFORPAC HQ (Camp H.M. Smith, HI)",2026-01-12,DELTA AIR LINES,airfare,944.68,DTS-2026-00082
CITI-2026-00477,1574,SSgt,H. CAMPBELL,MARFORPAC,"MARFORPAC HQ (Camp H.M. Smith, HI)",2026-01-16,UBER TRIP,ground_trans,11.57,DTS-2026-00082
CITI-2026-00478,1574,SSgt,H. CAMPBELL,MARFORPAC,"MARFORPAC HQ (Camp H.M. Smith, HI)",2026-01-15,YELLOW CAB CO,ground_trans,35.67,DTS-2026-00082
CITI-2026-00479,1574,SSgt,H. CAMPBELL,MARFORPAC,"MARFORPAC HQ (Camp H.M. Smith, HI)",2026-01-15,WMATA SMARTRIP,ground_trans,9.62,DTS-2026-00082
CITI-2026-00480,1581,LtCol,K. THOMPSON,MARFORPAC,"MARFORPAC HQ (Camp H.M. Smith, HI)",2026-02-24,MARRIOTT GAITHERSBG MD,lodging,846.12,DTS-2026-00083
CITI-2026-00481,1581,LtCol,K. THOMPSON,MARFORPAC,"MARFORPAC HQ (Camp H.M. Smith, HI)",2026-02-21,DELTA AIR LINES,airfare,1056.44,DTS-2026-00083
CITI-2026-00482,1581,LtCol,K. THOMPSON,MARFORPAC,"MARFORPAC HQ (Camp H.M. Smith, HI)",2026-02-27,LYFT * RIDE,ground_trans,10.92,DTS-2026-00083
CITI-2026-00483,1581,LtCol,K. THOMPSON,MARFORPAC,"MARFORPAC HQ (Camp H.M. Smith, HI)",2026-02-27,UBER TRIP,ground_trans,12.86,DTS-2026-00083
CITI-2026-00484,1581,LtCol,K. THOMPSON,MARFORPAC,"MARFORPAC HQ (Camp H.M. Smith, HI)",2026-02-25,YELLOW CAB CO,ground_trans,35.6,DTS-2026-00083
CITI-2026-00485,1581,LtCol,K. THOMPSON,MARFORPAC,"MARFORPAC HQ (Camp H.M. Smith, HI)",2026-02-24,OLIVE GARDEN,meals,48.22,DTS-2026-00083
CITI-2026-00486,1588,Col,T. ANDERSON,MARFORPAC,"MARFORPAC HQ (Camp H.M. Smith, HI)",2026-01-20,HILTON GARDEN INN,lodging,1260.24,DTS-2026-00084
CITI-2026-00487,1588,Col,T. ANDERSON,MARFORPAC,"MARFORPAC HQ (Camp H.M. Smith, HI)",2026-01-17,AMERICAN AIRLINES,airfare,899.97,DTS-2026-00084
CITI-2026-00488,1588,Col,T. ANDERSON,MARFORPAC,"MARFORPAC HQ (Camp H.M. Smith, HI)",2026-01-19,AVIS RENT-A-CAR,rental_car,354.39,DTS-2026-00084
CITI-2026-00489,1588,Col,T. ANDERSON,MARFORPAC,"MARFORPAC HQ (Camp H.M. Smith, HI)",2026-01-19,UBER TRIP,ground_trans,19.59,DTS-2026-00084
CITI-2026-00490,1588,Col,T. ANDERSON,MARFORPAC,"MARFORPAC HQ (Camp H.M. Smith, HI)",2026-01-19,CHIPOTLE MEXICAN GRILL,meals,13.73,DTS-2026-00084
CITI-2026-00491,1595,CWO3,L. TAYLOR,MARFORPAC,"MARFORPAC HQ (Camp H.M. Smith, HI)",2026-03-11,MARRIOTT GAITHERSBG MD,lodging,1508.56,DTS-2026-00085
CITI-2026-00492,1595,CWO3,L. TAYLOR,MARFORPAC,"MARFORPAC HQ (Camp H.M. Smith, HI)",2026-03-08,AMERICAN AIRLINES,airfare,895.8,DTS-2026-00085
CITI-2026-00493,1595,CWO3,L. TAYLOR,MARFORPAC,"MARFORPAC HQ (Camp H.M. Smith, HI)",2026-03-10,YELLOW CAB CO,ground_trans,22.51,DTS-2026-00085
CITI-2026-00494,1595,CWO3,L. TAYLOR,MARFORPAC,"MARFORPAC HQ (Camp H.M. Smith, HI)",2026-03-10,YELLOW CAB CO,ground_trans,10.93,DTS-2026-00085
CITI-2026-00495,1595,CWO3,L. TAYLOR,MARFORPAC,"MARFORPAC HQ (Camp H.M. Smith, HI)",2026-03-12,YELLOW CAB CO,ground_trans,21.88,DTS-2026-00085
CITI-2026-00496,1595,CWO3,L. TAYLOR,MARFORPAC,"MARFORPAC HQ (Camp H.M. Smith, HI)",2026-03-10,LYFT * RIDE,ground_trans,9.51,DTS-2026-00085
CITI-2026-00497,1595,CWO3,L. TAYLOR,MARFORPAC,"MARFORPAC HQ (Camp H.M. Smith, HI)",2026-03-11,UBER TRIP,ground_trans,29.87,DTS-2026-00085
CITI-2026-00498,1595,CWO3,L. TAYLOR,MARFORPAC,"MARFORPAC HQ (Camp H.M. Smith, HI)",2026-03-11,CHILIS RESTAURANT,meals,26.22,DTS-2026-00085
CITI-2026-00499,1595,CWO3,L. TAYLOR,MARFORPAC,"MARFORPAC HQ (Camp H.M. Smith, HI)",2026-03-13,SUBWAY SANDWICHES,meals,8.57,DTS-2026-00085
CITI-2026-00500,1595,CWO3,L. TAYLOR,MARFORPAC,"MARFORPAC HQ (Camp H.M. Smith, HI)",2026-03-13,CHILIS RESTAURANT,meals,14.15,DTS-2026-00085
CITI-2026-00501,1602,Maj,W. MARTIN,MARFORPAC,"MARFORPAC HQ (Camp H.M. Smith, HI)",2026-02-10,HILTON GARDEN INN,lodging,1268.8,DTS-2026-00086
CITI-2026-00502,1602,Maj,W. MARTIN,MARFORPAC,"MARFORPAC HQ (Camp H.M. Smith, HI)",2026-02-11,YELLOW CAB CO,ground_trans,9.41,DTS-2026-00086
CITI-2026-00503,1609,2ndLt,K. ROBINSON,MARFORPAC,"MARFORPAC HQ (Camp H.M. Smith, HI)",2026-02-14,MARRIOTT GAITHERSBG MD,lodging,581.06,DTS-2026-00087
CITI-2026-00504,1609,2ndLt,K. ROBINSON,MARFORPAC,"MARFORPAC HQ (Camp H.M. Smith, HI)",2026-02-11,SOUTHWEST AIRLINES,airfare,896.58,DTS-2026-00087
CITI-2026-00505,1609,2ndLt,K. ROBINSON,MARFORPAC,"MARFORPAC HQ (Camp H.M. Smith, HI)",2026-02-13,ENTERPRISE RENT-A-CAR,rental_car,411.46,DTS-2026-00087
CITI-2026-00506,1609,2ndLt,K. ROBINSON,MARFORPAC,"MARFORPAC HQ (Camp H.M. Smith, HI)",2026-02-13,UBER TRIP,ground_trans,13.55,DTS-2026-00087
CITI-2026-00507,1609,2ndLt,K. ROBINSON,MARFORPAC,"MARFORPAC HQ (Camp H.M. Smith, HI)",2026-02-14,UBER TRIP,ground_trans,24.87,DTS-2026-00087
CITI-2026-00508,1609,2ndLt,K. ROBINSON,MARFORPAC,"MARFORPAC HQ (Camp H.M. Smith, HI)",2026-02-14,UBER TRIP,ground_trans,23.69,DTS-2026-00087
CITI-2026-00509,1609,2ndLt,K. ROBINSON,MARFORPAC,"MARFORPAC HQ (Camp H.M. Smith, HI)",2026-02-13,WMATA SMARTRIP,ground_trans,22.0,DTS-2026-00087
CITI-2026-00510,1616,Cpl,G. WILLIAMS,MARFORPAC,"MARFORPAC HQ (Camp H.M. Smith, HI)",2026-02-18,HILTON GARDEN INN,lodging,1283.55,DTS-2026-00088
CITI-2026-00511,1616,Cpl,G. WILLIAMS,MARFORPAC,"MARFORPAC HQ (Camp H.M. Smith, HI)",2026-02-15,SOUTHWEST AIRLINES,airfare,491.6,DTS-2026-00088
CITI-2026-00512,1616,Cpl,G. WILLIAMS,MARFORPAC,"MARFORPAC HQ (Camp H.M. Smith, HI)",2026-02-17,BUDGET RENT-A-CAR,rental_car,451.35,DTS-2026-00088
CITI-2026-00513,1616,Cpl,G. WILLIAMS,MARFORPAC,"MARFORPAC HQ (Camp H.M. Smith, HI)",2026-02-22,UBER TRIP,ground_trans,17.79,DTS-2026-00088
CITI-2026-00514,1616,Cpl,G. WILLIAMS,MARFORPAC,"MARFORPAC HQ (Camp H.M. Smith, HI)",2026-02-20,LYFT * RIDE,ground_trans,26.99,DTS-2026-00088
CITI-2026-00515,1616,Cpl,G. WILLIAMS,MARFORPAC,"MARFORPAC HQ (Camp H.M. Smith, HI)",2026-02-18,YELLOW CAB CO,ground_trans,18.08,DTS-2026-00088
CITI-2026-00516,1616,Cpl,G. WILLIAMS,MARFORPAC,"MARFORPAC HQ (Camp H.M. Smith, HI)",2026-02-18,LYFT * RIDE,ground_trans,9.87,DTS-2026-00088
CITI-2026-00517,1623,CWO2,N. DAVIS,MARFORPAC,"MARFORPAC HQ (Camp H.M. Smith, HI)",2026-01-05,HILTON GARDEN INN,lodging,1430.72,DTS-2026-00089
CITI-2026-00518,1623,CWO2,N. DAVIS,MARFORPAC,"MARFORPAC HQ (Camp H.M. Smith, HI)",2026-01-02,DELTA AIR LINES,airfare,930.99,DTS-2026-00089
CITI-2026-00519,1623,CWO2,N. DAVIS,MARFORPAC,"MARFORPAC HQ (Camp H.M. Smith, HI)",2026-01-04,ENTERPRISE RENT-A-CAR,rental_car,290.59,DTS-2026-00089
CITI-2026-00520,1623,CWO2,N. DAVIS,MARFORPAC,"MARFORPAC HQ (Camp H.M. Smith, HI)",2026-01-10,UBER TRIP,ground_trans,11.96,DTS-2026-00089
CITI-2026-00521,1623,CWO2,N. DAVIS,MARFORPAC,"MARFORPAC HQ (Camp H.M. Smith, HI)",2026-01-07,YELLOW CAB CO,ground_trans,11.46,DTS-2026-00089
CITI-2026-00522,1630,2ndLt,H. MARTINEZ,MARFORPAC,"MARFORPAC HQ (Camp H.M. Smith, HI)",2026-01-11,MARRIOTT GAITHERSBG MD,lodging,812.97,DTS-2026-00090
CITI-2026-00523,1630,2ndLt,H. MARTINEZ,MARFORPAC,"MARFORPAC HQ (Camp H.M. Smith, HI)",2026-01-08,UNITED AIRLINES,airfare,1034.1,DTS-2026-00090
CITI-2026-00524,1630,2ndLt,H. MARTINEZ,MARFORPAC,"MARFORPAC HQ (Camp H.M. Smith, HI)",2026-01-10,HERTZ RENT-A-CAR,rental_car,530.53,DTS-2026-00090
CITI-2026-00525,1630,2ndLt,H. MARTINEZ,MARFORPAC,"MARFORPAC HQ (Camp H.M. Smith, HI)",2026-01-11,WMATA SMARTRIP,ground_trans,15.51,DTS-2026-00090
CITI-2026-00526,1630,2ndLt,H. MARTINEZ,MARFORPAC,"MARFORPAC HQ (Camp H.M. Smith, HI)",2026-01-10,YELLOW CAB CO,ground_trans,23.5,DTS-2026-00090
CITI-2026-00527,1630,2ndLt,H. MARTINEZ,MARFORPAC,"MARFORPAC HQ (Camp H.M. Smith, HI)",2026-01-10,SUBWAY SANDWICHES,meals,39.06,DTS-2026-00090
CITI-2026-00528,1630,2ndLt,H. MARTINEZ,MARFORPAC,"MARFORPAC HQ (Camp H.M. Smith, HI)",2026-01-11,CRACKER BARREL,meals,36.74,DTS-2026-00090
CITI-2026-00529,1637,SSgt,N. PEREZ,MARFORPAC,"MARFORPAC HQ (Camp H.M. Smith, HI)",2026-01-15,MARRIOTT GAITHERSBG MD,lodging,750.84,DTS-2026-00091
CITI-2026-00530,1637,SSgt,N. PEREZ,MARFORPAC,"MARFORPAC HQ (Camp H.M. Smith, HI)",2026-01-12,AMERICAN AIRLINES,airfare,763.85,DTS-2026-00091
CITI-2026-00531,1637,SSgt,N. PEREZ,MARFORPAC,"MARFORPAC HQ (Camp H.M. Smith, HI)",2026-01-15,YELLOW CAB CO,ground_trans,9.63,DTS-2026-00091
CITI-2026-00532,1637,SSgt,N. PEREZ,MARFORPAC,"MARFORPAC HQ (Camp H.M. Smith, HI)",2026-01-15,WMATA SMARTRIP,ground_trans,13.81,DTS-2026-00091
CITI-2026-00533,1637,SSgt,N. PEREZ,MARFORPAC,"MARFORPAC HQ (Camp H.M. Smith, HI)",2026-01-17,LYFT * RIDE,ground_trans,17.5,DTS-2026-00091
CITI-2026-00534,1637,SSgt,N. PEREZ,MARFORPAC,"MARFORPAC HQ (Camp H.M. Smith, HI)",2026-01-15,WMATA SMARTRIP,ground_trans,16.63,DTS-2026-00091
CITI-2026-00535,1637,SSgt,N. PEREZ,MARFORPAC,"MARFORPAC HQ (Camp H.M. Smith, HI)",2026-01-15,YELLOW CAB CO,ground_trans,17.89,DTS-2026-00091
CITI-2026-00536,1637,SSgt,N. PEREZ,MARFORPAC,"MARFORPAC HQ (Camp H.M. Smith, HI)",2026-01-17,UBER TRIP,ground_trans,10.14,DTS-2026-00091
CITI-2026-00537,1644,GySgt,S. THOMPSON,MARFORPAC,"MARFORPAC HQ (Camp H.M. Smith, HI)",2026-01-20,MARRIOTT GAITHERSBG MD,lodging,1289.29,DTS-2026-00092
CITI-2026-00538,1644,GySgt,S. THOMPSON,MARFORPAC,"MARFORPAC HQ (Camp H.M. Smith, HI)",2026-01-17,SOUTHWEST AIRLINES,airfare,1015.35,DTS-2026-00092
CITI-2026-00539,1644,GySgt,S. THOMPSON,MARFORPAC,"MARFORPAC HQ (Camp H.M. Smith, HI)",2026-01-19,UBER TRIP,ground_trans,21.02,DTS-2026-00092
CITI-2026-00540,1644,GySgt,S. THOMPSON,MARFORPAC,"MARFORPAC HQ (Camp H.M. Smith, HI)",2026-01-23,LYFT * RIDE,ground_trans,34.9,DTS-2026-00092
CITI-2026-00541,1644,GySgt,S. THOMPSON,MARFORPAC,"MARFORPAC HQ (Camp H.M. Smith, HI)",2026-01-21,WMATA SMARTRIP,ground_trans,21.25,DTS-2026-00092
CITI-2026-00542,1644,GySgt,S. THOMPSON,MARFORPAC,"MARFORPAC HQ (Camp H.M. Smith, HI)",2026-01-20,BEST BUY #0481,non_authorized,128.46,DTS-2026-00092
CITI-2026-00543,1651,LtCol,S. THOMPSON,MARFORPAC,"MARFORPAC HQ (Camp H.M. Smith, HI)",2026-01-13,HILTON GARDEN INN,lodging,672.18,DTS-2026-00093
CITI-2026-00544,1651,LtCol,S. THOMPSON,MARFORPAC,"MARFORPAC HQ (Camp H.M. Smith, HI)",2026-01-12,LYFT * RIDE,ground_trans,13.05,DTS-2026-00093
CITI-2026-00545,1651,LtCol,S. THOMPSON,MARFORPAC,"MARFORPAC HQ (Camp H.M. Smith, HI)",2026-01-13,WMATA SMARTRIP,ground_trans,17.19,DTS-2026-00093
CITI-2026-00546,1658,Sgt,N. MARTIN,MARFORPAC,"MARFORPAC HQ (Camp H.M. Smith, HI)",2026-01-06,MARRIOTT GAITHERSBG MD,lodging,1247.3,DTS-2026-00094
CITI-2026-00547,1658,Sgt,N. MARTIN,MARFORPAC,"MARFORPAC HQ (Camp H.M. Smith, HI)",2026-01-03,AMERICAN AIRLINES,airfare,967.31,DTS-2026-00094
CITI-2026-00548,1658,Sgt,N. MARTIN,MARFORPAC,"MARFORPAC HQ (Camp H.M. Smith, HI)",2026-01-07,LYFT * RIDE,ground_trans,29.15,DTS-2026-00094
CITI-2026-00549,1658,Sgt,N. MARTIN,MARFORPAC,"MARFORPAC HQ (Camp H.M. Smith, HI)",2026-01-11,PANERA BREAD,meals,20.45,DTS-2026-00094
CITI-2026-00550,1658,Sgt,N. MARTIN,MARFORPAC,"MARFORPAC HQ (Camp H.M. Smith, HI)",2026-01-06,STARBUCKS,meals,54.92,DTS-2026-00094
CITI-2026-00551,1658,Sgt,N. MARTIN,MARFORPAC,"MARFORPAC HQ (Camp H.M. Smith, HI)",2026-01-07,CHIPOTLE MEXICAN GRILL,meals,17.04,DTS-2026-00094
CITI-2026-00552,1665,LtCol,M. MARTIN,MARFORPAC,"MARFORPAC HQ (Camp H.M. Smith, HI)",2026-02-18,HILTON GARDEN INN,lodging,338.5,DTS-2026-00095
CITI-2026-00553,1665,LtCol,M. MARTIN,MARFORPAC,"MARFORPAC HQ (Camp H.M. Smith, HI)",2026-02-15,DELTA AIR LINES,airfare,545.36,DTS-2026-00095
CITI-2026-00554,1665,LtCol,M. MARTIN,MARFORPAC,"MARFORPAC HQ (Camp H.M. Smith, HI)",2026-02-17,LYFT * RIDE,ground_trans,36.28,DTS-2026-00095
CITI-2026-00555,1665,LtCol,M. MARTIN,MARFORPAC,"MARFORPAC HQ (Camp H.M. Smith, HI)",2026-02-18,LYFT * RIDE,ground_trans,22.89,DTS-2026-00095
CITI-2026-00556,1665,LtCol,M. MARTIN,MARFORPAC,"MARFORPAC HQ (Camp H.M. Smith, HI)",2026-02-17,LYFT * RIDE,ground_trans,13.82,DTS-2026-00095
CITI-2026-00557,1665,LtCol,M. MARTIN,MARFORPAC,"MARFORPAC HQ (Camp H.M. Smith, HI)",2026-02-17,PANERA BREAD,meals,31.6,DTS-2026-00095
CITI-2026-00558,1665,LtCol,M. MARTIN,MARFORPAC,"MARFORPAC HQ (Camp H.M. Smith, HI)",2026-02-18,CHIPOTLE MEXICAN GRILL,meals,48.07,DTS-2026-00095
CITI-2026-00559,1665,LtCol,M. MARTIN,MARFORPAC,"MARFORPAC HQ (Camp H.M. Smith, HI)",2026-02-18,CHIPOTLE MEXICAN GRILL,meals,18.38,DTS-2026-00095
CITI-2026-00560,1672,LtCol,C. NGUYEN,MARFORPAC,"MARFORPAC HQ (Camp H.M. Smith, HI)",2026-03-09,HILTON GARDEN INN,lodging,405.34,DTS-2026-00096
CITI-2026-00561,1672,LtCol,C. NGUYEN,MARFORPAC,"MARFORPAC HQ (Camp H.M. Smith, HI)",2026-03-08,BUDGET RENT-A-CAR,rental_car,229.27,DTS-2026-00096
CITI-2026-00562,1672,LtCol,C. NGUYEN,MARFORPAC,"MARFORPAC HQ (Camp H.M. Smith, HI)",2026-03-08,WMATA SMARTRIP,ground_trans,11.83,DTS-2026-00096
CITI-2026-00563,1672,LtCol,C. NGUYEN,MARFORPAC,"MARFORPAC HQ (Camp H.M. Smith, HI)",2026-03-09,LYFT * RIDE,ground_trans,16.9,DTS-2026-00096
CITI-2026-00564,1672,LtCol,C. NGUYEN,MARFORPAC,"MARFORPAC HQ (Camp H.M. Smith, HI)",2026-03-09,APPLEBEES NEIGHBORHOOD GRILL,meals,29.93,DTS-2026-00096
CITI-2026-00565,1672,LtCol,C. NGUYEN,MARFORPAC,"MARFORPAC HQ (Camp H.M. Smith, HI)",2026-03-09,STAPLES OFFICE,ground_trans,171.85,DTS-2026-00096
CITI-2026-00566,1679,Sgt,R. TORRES,MARFORPAC,"MARFORPAC HQ (Camp H.M. Smith, HI)",2026-01-06,HILTON GARDEN INN,lodging,727.93,DTS-2026-00097
CITI-2026-00567,1679,Sgt,R. TORRES,MARFORPAC,"MARFORPAC HQ (Camp H.M. Smith, HI)",2026-01-03,SOUTHWEST AIRLINES,airfare,1133.79,DTS-2026-00097
CITI-2026-00568,1679,Sgt,R. TORRES,MARFORPAC,"MARFORPAC HQ (Camp H.M. Smith, HI)",2026-01-05,HERTZ RENT-A-CAR,rental_car,264.74,DTS-2026-00097
CITI-2026-00569,1679,Sgt,R. TORRES,MARFORPAC,"MARFORPAC HQ (Camp H.M. Smith, HI)",2026-01-05,UBER TRIP,ground_trans,31.18,DTS-2026-00097
CITI-2026-00570,1686,Cpl,L. JACKSON,MARFORPAC,"MARFORPAC HQ (Camp H.M. Smith, HI)",2026-03-02,MARRIOTT GAITHERSBG MD,lodging,905.8,DTS-2026-00098
CITI-2026-00571,1686,Cpl,L. JACKSON,MARFORPAC,"MARFORPAC HQ (Camp H.M. Smith, HI)",2026-02-27,AMERICAN AIRLINES,airfare,681.92,DTS-2026-00098
CITI-2026-00572,1686,Cpl,L. JACKSON,MARFORPAC,"MARFORPAC HQ (Camp H.M. Smith, HI)",2026-03-02,UBER TRIP,ground_trans,14.33,DTS-2026-00098
CITI-2026-00573,1686,Cpl,L. JACKSON,MARFORPAC,"MARFORPAC HQ (Camp H.M. Smith, HI)",2026-03-02,APPLEBEES NEIGHBORHOOD GRILL,meals,64.93,DTS-2026-00098
CITI-2026-00574,1693,2ndLt,K. RAMIREZ,MARFORPAC,"MARFORPAC HQ (Camp H.M. Smith, HI)",2026-03-11,MARRIOTT GAITHERSBG MD,lodging,1600.8,DTS-2026-00099
CITI-2026-00575,1693,2ndLt,K. RAMIREZ,MARFORPAC,"MARFORPAC HQ (Camp H.M. Smith, HI)",2026-03-08,UNITED AIRLINES,airfare,635.97,DTS-2026-00099
CITI-2026-00576,1693,2ndLt,K. RAMIREZ,MARFORPAC,"MARFORPAC HQ (Camp H.M. Smith, HI)",2026-03-10,HERTZ RENT-A-CAR,rental_car,490.13,DTS-2026-00099
CITI-2026-00577,1693,2ndLt,K. RAMIREZ,MARFORPAC,"MARFORPAC HQ (Camp H.M. Smith, HI)",2026-03-13,YELLOW CAB CO,ground_trans,21.26,DTS-2026-00099
CITI-2026-00578,1693,2ndLt,K. RAMIREZ,MARFORPAC,"MARFORPAC HQ (Camp H.M. Smith, HI)",2026-03-15,UBER TRIP,ground_trans,19.7,DTS-2026-00099
CITI-2026-00579,1693,2ndLt,K. RAMIREZ,MARFORPAC,"MARFORPAC HQ (Camp H.M. Smith, HI)",2026-03-14,YELLOW CAB CO,ground_trans,10.42,DTS-2026-00099
CITI-2026-00580,1693,2ndLt,K. RAMIREZ,MARFORPAC,"MARFORPAC HQ (Camp H.M. Smith, HI)",2026-03-14,UBER TRIP,ground_trans,10.64,DTS-2026-00099
CITI-2026-00581,1693,2ndLt,K. RAMIREZ,MARFORPAC,"MARFORPAC HQ (Camp H.M. Smith, HI)",2026-03-15,PANERA BREAD,meals,27.15,DTS-2026-00099
CITI-2026-00582,1693,2ndLt,K. RAMIREZ,MARFORPAC,"MARFORPAC HQ (Camp H.M. Smith, HI)",2026-03-12,OLIVE GARDEN,meals,55.38,DTS-2026-00099
CITI-2026-00583,1700,GySgt,S. MILLER,MARFORPAC,"MARFORPAC HQ (Camp H.M. Smith, HI)",2026-01-19,MARRIOTT GAITHERSBG MD,lodging,1196.1,DTS-2026-00100
CITI-2026-00584,1700,GySgt,S. MILLER,MARFORPAC,"MARFORPAC HQ (Camp H.M. Smith, HI)",2026-01-16,SOUTHWEST AIRLINES,airfare,562.75,DTS-2026-00100
CITI-2026-00585,1700,GySgt,S. MILLER,MARFORPAC,"MARFORPAC HQ (Camp H.M. Smith, HI)",2026-01-18,ENTERPRISE RENT-A-CAR,rental_car,357.09,DTS-2026-00100
CITI-2026-00586,1700,GySgt,S. MILLER,MARFORPAC,"MARFORPAC HQ (Camp H.M. Smith, HI)",2026-01-23,YELLOW CAB CO,ground_trans,34.5,DTS-2026-00100
CITI-2026-00587,1700,GySgt,S. MILLER,MARFORPAC,"MARFORPAC HQ (Camp H.M. Smith, HI)",2026-01-18,WMATA SMARTRIP,ground_trans,21.43,DTS-2026-00100
CITI-2026-00588,1700,GySgt,S. MILLER,MARFORPAC,"MARFORPAC HQ (Camp H.M. Smith, HI)",2026-01-20,YELLOW CAB CO,ground_trans,18.7,DTS-2026-00100
