record_id,unit_code,unit,quarter,traveler_rank,traveler_name,card_last4,trip_reason,tdy_city,depart_date,return_date,nights,transport_mode,per_diem_lodging_ceiling,per_diem_mie,voucher_total,voucher_lines_json,auth_status,voucher_status,seeded_issues
DTS-2026-00001,1MARDIV,1st Marine Division (Camp Pendleton),FY26-Q2,SSgt,M. ANDERSON,1007,TAD — Equipment fielding,Yuma,2026-02-07,2026-02-14,7,POV,102,64,1559.77,"[{""category"": ""lodging"", ""rate_per_unit"": 101.69, ""units"": 7, ""amount"": 711.8}, {""category"": ""mie"", ""rate_per_unit"": 64, ""units"": 7, ""amount"": 480.0}, {""category"": ""rental_car"", ""rate_per_unit"": 272.02, ""units"": 1, ""amount"": 272.02}, {""category"": ""ground_trans"", ""rate_per_unit"": 66.57, ""units"": 1, ""amount"": 66.57}, {""category"": ""incidentals"", ""rate_per_unit"": 29.38, ""units"": 1, ""amount"": 29.38}]",APPROVED,SUBMITTED,
DTS-2026-00002,1MARDIV,1st Marine Division (Camp Pendleton),FY26-Q2,WO1,D. RODRIGUEZ,1014,TAD — Training course,Quantico,2026-01-13,2026-01-15,2,AIR,184,79,2219.27,"[{""category"": ""lodging"", ""rate_per_unit"": 184.11, ""units"": 2, ""amount"": 368.23}, {""category"": ""mie"", ""rate_per_unit"": 79, ""units"": 2, ""amount"": 197.5}, {""category"": ""airfare"", ""rate_per_unit"": 1117.12, ""units"": 1, ""amount"": 1117.12}, {""category"": ""rental_car"", ""rate_per_unit"": 415.24, ""units"": 1, ""amount"": 415.24}, {""category"": ""ground_trans"", ""rate_per_unit"": 68.38, ""units"": 1, ""amount"": 68.38}, {""category"": ""incidentals"", ""rate_per_unit"": 52.8, ""units"": 1, ""amount"": 52.8}]",APPROVED,SUBMITTED,
DTS-2026-00003,1MARDIV,1st Marine Division (Camp Pendleton),FY26-Q2,Cpl,R. BAKER,1021,TAD — Inspection / IG team,San Diego,2026-01-27,2026-02-02,6,POV,217,79,2314.75,"[{""category"": ""lodging"", ""rate_per_unit"": 214.81, ""units"": 6, ""amount"": 1288.87}, {""category"": ""mie"", ""rate_per_unit"": 79, ""units"": 6, ""amount"": 513.5}, {""category"": ""rental_car"", ""rate_per_unit"": 418.38, ""units"": 1, ""amount"": 418.38}, {""category"": ""ground_trans"", ""rate_per_unit"": 85.61, ""units"": 1, ""amount"": 85.61}, {""category"": ""incidentals"", ""rate_per_unit"": 8.39, ""units"": 1, ""amount"": 8.39}]",APPROVED,SUBMITTED,
DTS-2026-00004,1MARDIV,1st Marine Division (Camp Pendleton),FY26-Q2,1stLt,G. SANCHEZ,1028,TAD — Working group,Twentynine Palms,2026-01-12,2026-01-16,4,POV,110,64,1023.44,"[{""category"": ""lodging"", ""rate_per_unit"": 106.8, ""units"": 4, ""amount"": 427.2}, {""category"": ""mie"", ""rate_per_unit"": 64, ""units"": 4, ""amount"": 288.0}, {""category"": ""rental_car"", ""rate_per_unit"": 185.21, ""units"": 1, ""amount"": 185.21}, {""category"": ""ground_trans"", ""rate_per_unit"": 75.52, ""units"": 1, ""amount"": 75.52}, {""category"": ""incidentals"", ""rate_per_unit"": 47.51, ""units"": 1, ""amount"": 47.51}]",APPROVED,SUBMITTED,amount_mismatch
DTS-2026-00005,1MARDIV,1st Marine Division (Camp Pendleton),FY26-Q2,CWO3,K. MARTINEZ,1035,PCS in-route travel,Honolulu,2026-01-25,2026-01-30,5,AIR,252,134,3178.93,"[{""category"": ""lodging"", ""rate_per_unit"": 252.63, ""units"": 5, ""amount"": 1263.15}, {""category"": ""mie"", ""rate_per_unit"": 134, ""units"": 5, ""amount"": 737.0}, {""category"": ""airfare"", ""rate_per_unit"": 508.7, ""units"": 1, ""amount"": 508.7}, {""category"": ""rental_car"", ""rate_per_unit"": 526.57, ""units"": 1, ""amount"": 526.57}, {""category"": ""ground_trans"", ""rate_per_unit"": 86.47, ""units"": 1, ""amount"": 86.47}, {""category"": ""incidentals"", ""rate_per_unit"": 57.04, ""units"": 1, ""amount"": 57.04}]",APPROVED,SUBMITTED,
DTS-2026-00006,1MARDIV,1st Marine Division (Camp Pendleton),FY26-Q2,CWO2,E. HARRIS,1042,PCS in-route travel,Oceanside,2026-01-07,2026-01-10,3,AIR,174,74,1178.46,"[{""category"": ""lodging"", ""rate_per_unit"": 176.57, ""units"": 3, ""amount"": 529.71}, {""category"": ""mie"", ""rate_per_unit"": 74, ""units"": 3, ""amount"": 259.0}, {""category"": ""airfare"", ""rate_per_unit"": 313.0, ""units"": 1, ""amount"": 313.0}, {""category"": ""ground_trans"", ""rate_per_unit"": 37.88, ""units"": 1, ""amount"": 37.88}, {""category"": ""incidentals"", ""rate_per_unit"": 38.87, ""units"": 1, ""amount"": 38.87}]",APPROVED,SUBMITTED,
DTS-2026-00007,1MARDIV,1st Marine Division (Camp Pendleton),FY26-Q2,MSgt,P. TAYLOR,1049,TAD — Conference attendance,Twentynine Palms,2026-02-05,2026-02-10,5,POV,110,64,949.07,"[{""category"": ""lodging"", ""rate_per_unit"": 110.27, ""units"": 5, ""amount"": 551.36}, {""category"": ""mie"", ""rate_per_unit"": 64, ""units"": 5, ""amount"": 352.0}, {""category"": ""ground_trans"", ""rate_per_unit"": 45.67, ""units"": 1, ""amount"": 45.67}, {""category"": ""incidentals"", ""rate_per_unit"": 0.04, ""units"": 1, ""amount"": 0.04}]",APPROVED,SUBMITTED,
DTS-2026-00008,1MARDIV,1st Marine Division (Camp Pendleton),FY26-Q2,SSgt,W. JOHNSON,1056,TAD — Conference attendance,Honolulu,2026-02-08,2026-02-12,4,AIR,252,134,3130.75,"[{""category"": ""lodging"", ""rate_per_unit"": 252.85, ""units"": 4, ""amount"": 1011.39}, {""category"": ""mie"", ""rate_per_unit"": 134, ""units"": 4, ""amount"": 603.0}, {""category"": ""airfare"", ""rate_per_unit"": 1130.29, ""units"": 1, ""amount"": 1130.29}, {""category"": ""rental_car"", ""rate_per_unit"": 267.07, ""units"": 1, ""amount"": 267.07}, {""category"": ""ground_trans"", ""rate_per_unit"": 80.04, ""units"": 1, ""amount"": 80.04}, {""category"": ""incidentals"", ""rate_per_unit"": 38.96, ""units"": 1, ""amount"": 38.96}]",APPROVED,SUBMITTED,non_authorized
DTS-2026-00009,1MARDIV,1st Marine Division (Camp Pendleton),FY26-Q2,CWO3,K. CARTER,1063,TAD — School / PME,Quantico,2026-02-10,2026-02-14,4,AIR,184,79,1979.51,"[{""category"": ""lodging"", ""rate_per_unit"": 192.3, ""units"": 4, ""amount"": 769.2}, {""category"": ""mie"", ""rate_per_unit"": 79, ""units"": 4, ""amount"": 355.5}, {""category"": ""airfare"", ""rate_per_unit"": 772.56, ""units"": 1, ""amount"": 772.56}, {""category"": ""ground_trans"", ""rate_per_unit"": 55.52, ""units"": 1, ""amount"": 55.52}, {""category"": ""incidentals"", ""rate_per_unit"": 26.73, ""units"": 1, ""amount"": 26.73}]",APPROVED,SUBMITTED,
DTS-2026-00010,1MARDIV,1st Marine Division (Camp Pendleton),FY26-Q2,2ndLt,T. LEE,1070,TAD — Inspection / IG team,Twentynine Palms,2026-03-06,2026-03-09,3,POV,110,64,1106.49,"[{""category"": ""lodging"", ""rate_per_unit"": 101.71, ""units"": 3, ""amount"": 305.12}, {""category"": ""mie"", ""rate_per_unit"": 64, ""units"": 3, ""amount"": 224.0}, {""category"": ""rental_car"", ""rate_per_unit"": 361.17, ""units"": 1, ""amount"": 361.17}, {""category"": ""ground_trans"", ""rate_per_unit"": 36.17, ""units"": 1, ""amount"": 36.17}, {""category"": ""incidentals"", ""rate_per_unit"": 23.08, ""units"": 1, ""amount"": 23.08}, {""category"": ""incidentals"", ""rate_per_unit"": 156.95, ""units"": 1, ""amount"": 156.95, ""note"": ""receipt_missing""}]",APPROVED,SUBMITTED,missing_receipt
DTS-2026-00011,1MARDIV,1st Marine Division (Camp Pendleton),FY26-Q2,1stSgt,G. ROBINSON,1077,PCS in-route travel,Yuma,2026-02-03,2026-02-05,2,POV,102,64,482.46,"[{""category"": ""lodging"", ""rate_per_unit"": 101.6, ""units"": 2, ""amount"": 203.19}, {""category"": ""mie"", ""rate_per_unit"": 64, ""units"": 2, ""amount"": 160.0}, {""category"": ""ground_trans"", ""rate_per_unit"": 80.63, ""units"": 1, ""amount"": 80.63}, {""category"": ""incidentals"", ""rate_per_unit"": 38.64, ""units"": 1, ""amount"": 38.64}]",APPROVED,SUBMITTED,
DTS-2026-00012,1MARDIV,1st Marine Division (Camp Pendleton),FY26-Q2,SSgt,M. TORRES,1084,TAD — Training course,Honolulu,2026-03-15,2026-03-18,3,AIR,252,134,2509.37,"[{""category"": ""lodging"", ""rate_per_unit"": 241.73, ""units"": 3, ""amount"": 725.19}, {""category"": ""mie"", ""rate_per_unit"": 134, ""units"": 3, ""amount"": 469.0}, {""category"": ""airfare"", ""rate_per_unit"": 878.72, ""units"": 1, ""amount"": 878.72}, {""category"": ""rental_car"", ""rate_per_unit"": 372.57, ""units"": 1, ""amount"": 372.57}, {""category"": ""ground_trans"", ""rate_per_unit"": 24.63, ""units"": 1, ""amount"": 24.63}, {""category"": ""incidentals"", ""rate_per_unit"": 39.26, ""units"": 1, ""amount"": 39.26}]",APPROVED,SUBMITTED,
DTS-2026-00013,1MARDIV,1st Marine Division (Camp Pendleton),FY26-Q2,1stSgt,S. THOMAS,1091,PCS in-route travel,Honolulu,2026-01-17,2026-01-19,2,AIR,252,134,2537.62,"[{""category"": ""lodging"", ""rate_per_unit"": 316.11, ""units"": 2, ""amount"": 632.21}, {""category"": ""mie"", ""rate_per_unit"": 134, ""units"": 2, ""amount"": 335.0}, {""category"": ""airfare"", ""rate_per_unit"": 1073.12, ""units"": 1, ""amount"": 1073.12}, {""category"": ""rental_car"", ""rate_per_unit"": 430.8, ""units"": 1, ""amount"": 430.8}, {""category"": ""ground_trans"", ""rate_per_unit"": 17.48, ""units"": 1, ""amount"": 17.48}, {""category"": ""incidentals"", ""rate_per_unit"": 49.01, ""units"": 1, ""amount"": 49.01}]",APPROVED,SUBMITTED,rate_above_per_diem
DTS-2026-00014,1MARDIV,1st Marine Division (Camp Pendleton),FY26-Q2,CWO2,W. TAYLOR,1098,TAD — Equipment fielding,San Diego,2026-03-17,2026-03-24,7,AIR,217,79,2900.89,"[{""category"": ""lodging"", ""rate_per_unit"": 199.96, ""units"": 7, ""amount"": 1399.73}, {""category"": ""mie"", ""rate_per_unit"": 79, ""units"": 7, ""amount"": 592.5}, {""category"": ""airfare"", ""rate_per_unit"": 641.24, ""units"": 1, ""amount"": 641.24}, {""category"": ""rental_car"", ""rate_per_unit"": 218.9, ""units"": 1, ""amount"": 218.9}, {""category"": ""ground_trans"", ""rate_per_unit"": 44.82, ""units"": 1, ""amount"": 44.82}, {""category"": ""incidentals"", ""rate_per_unit"": 3.7, ""units"": 1, ""amount"": 3.7}]",APPROVED,SUBMITTED,
DTS-2026-00015,1MARDIV,1st Marine Division (Camp Pendleton),FY26-Q2,1stLt,G. RIVERA,1105,TAD — Conference attendance,San Diego,2026-01-05,2026-01-09,4,POV,217,79,1727.85,"[{""category"": ""lodging"", ""rate_per_unit"": 218.07, ""units"": 4, ""amount"": 872.29}, {""category"": ""mie"", ""rate_per_unit"": 79, ""units"": 4, ""amount"": 355.5}, {""category"": ""rental_car"", ""rate_per_unit"": 222.87, ""units"": 1, ""amount"": 222.87}, {""category"": ""ground_trans"", ""rate_per_unit"": 26.01, ""units"": 1, ""amount"": 26.01}, {""category"": ""incidentals"", ""rate_per_unit"": 17.76, ""units"": 1, ""amount"": 17.76}, {""category"": ""rental_car"", ""rate_per_unit"": 233.42, ""units"": 1, ""amount"": 233.42, ""note"": ""claimed_no_card_match""}]",APPROVED,SUBMITTED,voucher_no_card_charge
DTS-2026-00016,1MARDIV,1st Marine Division (Camp Pendleton),FY26-Q2,1stSgt,L. TORRES,1112,TAD — Inspection / IG team,Quantico,2026-01-05,2026-01-12,7,AIR,184,79,3090.16,"[{""category"": ""lodging"", ""rate_per_unit"": 185.11, ""units"": 7, ""amount"": 1295.8}, {""category"": ""mie"", ""rate_per_unit"": 79, ""units"": 7, ""amount"": 592.5}, {""category"": ""airfare"", ""rate_per_unit"": 1151.13, ""units"": 1, ""amount"": 1151.13}, {""category"": ""ground_trans"", ""rate_per_unit"": 39.62, ""units"": 1, ""amount"": 39.62}, {""category"": ""incidentals"", ""rate_per_unit"": 11.11, ""units"": 1, ""amount"": 11.11}]",APPROVED,SUBMITTED,
DTS-2026-00017,1MARDIV,1st Marine Division (Camp Pendleton),FY26-Q2,Cpl,K. ROBINSON,1119,PCS in-route travel,Twentynine Palms,2026-01-25,2026-01-31,6,POV,110,64,1169.32,"[{""category"": ""lodging"", ""rate_per_unit"": 105.23, ""units"": 6, ""amount"": 631.37}, {""category"": ""mie"", ""rate_per_unit"": 64, ""units"": 6, ""amount"": 416.0}, {""category"": ""ground_trans"", ""rate_per_unit"": 65.98, ""units"": 1, ""amount"": 65.98}, {""category"": ""incidentals"", ""rate_per_unit"": 55.97, ""units"": 1, ""amount"": 55.97}]",APPROVED,SUBMITTED,
DTS-2026-00018,1MARDIV,1st Marine Division (Camp Pendleton),FY26-Q2,1stSgt,K. HALL,1126,TAD — Liaison visit,Honolulu,2026-02-05,2026-02-12,7,AIR,252,134,3599.43,"[{""category"": ""lodging"", ""rate_per_unit"": 242.68, ""units"": 7, ""amount"": 1698.75}, {""category"": ""mie"", ""rate_per_unit"": 134, ""units"": 7, ""amount"": 1005.0}, {""category"": ""airfare"", ""rate_per_unit"": 783.22, ""units"": 1, ""amount"": 783.22}, {""category"": ""ground_trans"", ""rate_per_unit"": 92.85, ""units"": 1, ""amount"": 92.85}, {""category"": ""incidentals"", ""rate_per_unit"": 19.61, ""units"": 1, ""amount"": 19.61}]",APPROVED,SUBMITTED,amount_mismatch
DTS-2026-00019,1MARDIV,1st Marine Division (Camp Pendleton),FY26-Q2,LCpl,L. BAKER,1133,TAD — Funeral honors detail,San Diego,2026-02-19,2026-02-21,2,POV,217,79,1019.7,"[{""category"": ""lodging"", ""rate_per_unit"": 223.44, ""units"": 2, ""amount"": 446.87}, {""category"": ""mie"", ""rate_per_unit"": 79, ""units"": 2, ""amount"": 197.5}, {""category"": ""rental_car"", ""rate_per_unit"": 359.21, ""units"": 1, ""amount"": 359.21}, {""category"": ""ground_trans"", ""rate_per_unit"": 6.3, ""units"": 1, ""amount"": 6.3}, {""category"": ""incidentals"", ""rate_per_unit"": 9.82, ""units"": 1, ""amount"": 9.82}]",APPROVED,SUBMITTED,
DTS-2026-00020,1MARDIV,1st Marine Division (Camp Pendleton),FY26-Q2,SSgt,E. MITCHELL,1140,PCS in-route travel,Yuma,2026-02-06,2026-02-09,3,AIR,102,64,1538.49,"[{""category"": ""lodging"", ""rate_per_unit"": 100.66, ""units"": 3, ""amount"": 301.98}, {""category"": ""mie"", ""rate_per_unit"": 64, ""units"": 3, ""amount"": 224.0}, {""category"": ""airfare"", ""rate_per_unit"": 378.7, ""units"": 1, ""amount"": 378.7}, {""category"": ""rental_car"", ""rate_per_unit"": 522.12, ""units"": 1, ""amount"": 522.12}, {""category"": ""ground_trans"", ""rate_per_unit"": 78.15, ""units"": 1, ""amount"": 78.15}, {""category"": ""incidentals"", ""rate_per_unit"": 33.54, ""units"": 1, ""amount"": 33.54}]",APPROVED,SUBMITTED,duplicate
DTS-2026-00021,1MARDIV,1st Marine Division (Camp Pendleton),FY26-Q2,SSgt,B. THOMAS,1147,TAD — Site survey,Twentynine Palms,2026-02-23,2026-03-02,7,AIR,110,64,1781.18,"[{""category"": ""lodging"", ""rate_per_unit"": 99.59, ""units"": 7, ""amount"": 697.11}, {""category"": ""mie"", ""rate_per_unit"": 64, ""units"": 7, ""amount"": 480.0}, {""category"": ""airfare"", ""rate_per_unit"": 318.07, ""units"": 1, ""amount"": 318.07}, {""category"": ""rental_car"", ""rate_per_unit"": 203.5, ""units"": 1, ""amount"": 203.5}, {""category"": ""ground_trans"", ""rate_per_unit"": 61.4, ""units"": 1, ""amount"": 61.4}, {""category"": ""incidentals"", ""rate_per_unit"": 21.1, ""units"": 1, ""amount"": 21.1}]",APPROVED,SUBMITTED,
DTS-2026-00022,1MARDIV,1st Marine Division (Camp Pendleton),FY26-Q2,Maj,C. JACKSON,1154,PCS in-route travel,Twentynine Palms,2026-01-26,2026-02-01,6,POV,110,64,1207.85,"[{""category"": ""lodging"", ""rate_per_unit"": 113.37, ""units"": 6, ""amount"": 680.21}, {""category"": ""mie"", ""rate_per_unit"": 64, ""units"": 6, ""amount"": 416.0}, {""category"": ""ground_trans"", ""rate_per_unit"": 55.26, ""units"": 1, ""amount"": 55.26}, {""category"": ""incidentals"", ""rate_per_unit"": 56.38, ""units"": 1, ""amount"": 56.38}]",APPROVED,SUBMITTED,
DTS-2026-00023,1MARDIV,1st Marine Division (Camp Pendleton),FY26-Q2,LCpl,O. CAMPBELL,1161,TAD — Working group,Yuma,2026-03-14,2026-03-20,6,POV,102,64,1092.22,"[{""category"": ""lodging"", ""rate_per_unit"": 98.52, ""units"": 6, ""amount"": 591.14}, {""category"": ""mie"", ""rate_per_unit"": 64, ""units"": 6, ""amount"": 416.0}, {""category"": ""ground_trans"", ""rate_per_unit"": 26.97, ""units"": 1, ""amount"": 26.97}, {""category"": ""incidentals"", ""rate_per_unit"": 58.11, ""units"": 1, ""amount"": 58.11}]",APPROVED,SUBMITTED,card_charge_no_voucher
DTS-2026-00024,1MARDIV,1st Marine Division (Camp Pendleton),FY26-Q2,Sgt,T. MITCHELL,1168,TAD — Site survey,Oceanside,2026-02-14,2026-02-20,6,POV,174,74,1554.73,"[{""category"": ""lodging"", ""rate_per_unit"": 159.78, ""units"": 6, ""amount"": 958.69}, {""category"": ""mie"", ""rate_per_unit"": 74, ""units"": 6, ""amount"": 481.0}, {""category"": ""ground_trans"", ""rate_per_unit"": 60.34, ""units"": 1, ""amount"": 60.34}, {""category"": ""incidentals"", ""rate_per_unit"": 54.7, ""units"": 1, ""amount"": 54.7}]",APPROVED,SUBMITTED,
DTS-2026-00025,1MARDIV,1st Marine Division (Camp Pendleton),FY26-Q2,Col,F. HILL,1175,TAD — Conference attendance,Yuma,2026-02-05,2026-02-07,2,AIR,102,64,1453.12,"[{""category"": ""lodging"", ""rate_per_unit"": 103.05, ""units"": 2, ""amount"": 206.1}, {""category"": ""mie"", ""rate_per_unit"": 64, ""units"": 2, ""amount"": 160.0}, {""category"": ""airfare"", ""rate_per_unit"": 539.11, ""units"": 1, ""amount"": 539.11}, {""category"": ""rental_car"", ""rate_per_unit"": 473.51, ""units"": 1, ""amount"": 473.51}, {""category"": ""ground_trans"", ""rate_per_unit"": 31.52, ""units"": 1, ""amount"": 31.52}, {""category"": ""incidentals"", ""rate_per_unit"": 42.88, ""units"": 1, ""amount"": 42.88}]",APPROVED,SUBMITTED,
DTS-2026-00026,1MARDIV,1st Marine Division (Camp Pendleton),FY26-Q2,LtCol,R. ADAMS,1182,PCS in-route travel,Twentynine Palms,2026-01-21,2026-01-27,6,AIR,110,64,2209.46,"[{""category"": ""lodging"", ""rate_per_unit"": 106.83, ""units"": 6, ""amount"": 641.0}, {""category"": ""mie"", ""rate_per_unit"": 64, ""units"": 6, ""amount"": 416.0}, {""category"": ""airfare"", ""rate_per_unit"": 594.46, ""units"": 1, ""amount"": 594.46}, {""category"": ""rental_car"", ""rate_per_unit"": 454.92, ""units"": 1, ""amount"": 454.92}, {""category"": ""ground_trans"", ""rate_per_unit"": 91.88, ""units"": 1, ""amount"": 91.88}, {""category"": ""incidentals"", ""rate_per_unit"": 11.2, ""units"": 1, ""amount"": 11.2}]",APPROVED,SUBMITTED,
DTS-2026-00027,1MARDIV,1st Marine Division (Camp Pendleton),FY26-Q2,CWO3,M. HILL,1189,TAD — Site survey,Twentynine Palms,2026-03-14,2026-03-17,3,POV,110,64,838.67,"[{""category"": ""lodging"", ""rate_per_unit"": 110.37, ""units"": 3, ""amount"": 331.11}, {""category"": ""mie"", ""rate_per_unit"": 64, ""units"": 3, ""amount"": 224.0}, {""category"": ""rental_car"", ""rate_per_unit"": 188.55, ""units"": 1, ""amount"": 188.55}, {""category"": ""ground_trans"", ""rate_per_unit"": 91.21, ""units"": 1, ""amount"": 91.21}, {""category"": ""incidentals"", ""rate_per_unit"": 3.8, ""units"": 1, ""amount"": 3.8}]",APPROVED,SUBMITTED,non_authorized
DTS-2026-00028,1MARDIV,1st Marine Division (Camp Pendleton),FY26-Q2,CWO3,F. TORRES,1196,TAD — Inspection / IG team,San Diego,2026-01-04,2026-01-10,6,AIR,217,79,2612.89,"[{""category"": ""lodging"", ""rate_per_unit"": 223.86, ""units"": 6, ""amount"": 1343.14}, {""category"": ""mie"", ""rate_per_unit"": 79, ""units"": 6, ""amount"": 513.5}, {""category"": ""airfare"", ""rate_per_unit"": 352.49, ""units"": 1, ""amount"": 352.49}, {""category"": ""rental_car"", ""rate_per_unit"": 272.4, ""units"": 1, ""amount"": 272.4}, {""category"": ""ground_trans"", ""rate_per_unit"": 94.7, ""units"": 1, ""amount"": 94.7}, {""category"": ""incidentals"", ""rate_per_unit"": 36.66, ""units"": 1, ""amount"": 36.66}]",APPROVED,SUBMITTED,
DTS-2026-00029,1MARDIV,1st Marine Division (Camp Pendleton),FY26-Q2,Capt,A. PEREZ,1203,TAD — Funeral honors detail,Honolulu,2026-01-24,2026-01-27,3,AIR,252,134,2678.33,"[{""category"": ""lodging"", ""rate_per_unit"": 244.86, ""units"": 3, ""amount"": 734.59}, {""category"": ""mie"", ""rate_per_unit"": 134, ""units"": 3, ""amount"": 469.0}, {""category"": ""airfare"", ""rate_per_unit"": 801.13, ""units"": 1, ""amount"": 801.13}, {""category"": ""rental_car"", ""rate_per_unit"": 435.84, ""units"": 1, ""amount"": 435.84}, {""category"": ""ground_trans"", ""rate_per_unit"": 85.52, ""units"": 1, ""amount"": 85.52}, {""category"": ""incidentals"", ""rate_per_unit"": 29.48, ""units"": 1, ""amount"": 29.48}, {""category"": ""incidentals"", ""rate_per_unit"": 122.77, ""units"": 1, ""amount"": 122.77, ""note"": ""receipt_missing""}]",APPROVED,SUBMITTED,missing_receipt
DTS-2026-00030,1MARDIV,1st Marine Division (Camp Pendleton),FY26-Q2,LtCol,K. ROBERTS,1210,TAD — Training course,San Diego,2026-02-25,2026-03-02,5,POV,217,79,1629.23,"[{""category"": ""lodging"", ""rate_per_unit"": 224.88, ""units"": 5, ""amount"": 1124.41}, {""category"": ""mie"", ""rate_per_unit"": 79, ""units"": 5, ""amount"": 434.5}, {""category"": ""ground_trans"", ""rate_per_unit"": 29.83, ""units"": 1, ""amount"": 29.83}, {""category"": ""incidentals"", ""rate_per_unit"": 40.49, ""units"": 1, ""amount"": 40.49}]",APPROVED,SUBMITTED,
DTS-2026-00031,1MARDIV,1st Marine Division (Camp Pendleton),FY26-Q2,Maj,E. GREEN,1217,TAD — Working group,Yuma,2026-01-18,2026-01-22,4,POV,102,64,817.31,"[{""category"": ""lodging"", ""rate_per_unit"": 106.34, ""units"": 4, ""amount"": 425.37}, {""category"": ""mie"", ""rate_per_unit"": 64, ""units"": 4, ""amount"": 288.0}, {""category"": ""ground_trans"", ""rate_per_unit"": 48.15, ""units"": 1, ""amount"": 48.15}, {""category"": ""incidentals"", ""rate_per_unit"": 55.79, ""units"": 1, ""amount"": 55.79}]",APPROVED,SUBMITTED,
DTS-2026-00032,1MARDIV,1st Marine Division (Camp Pendleton),FY26-Q2,Cpl,G. YOUNG,1224,PCS in-route travel,Honolulu,2026-03-17,2026-03-20,3,AIR,252,134,2642.9,"[{""category"": ""lodging"", ""rate_per_unit"": 325.52, ""units"": 3, ""amount"": 976.55}, {""category"": ""mie"", ""rate_per_unit"": 134, ""units"": 3, ""amount"": 469.0}, {""category"": ""airfare"", ""rate_per_unit"": 684.3, ""units"": 1, ""amount"": 684.3}, {""category"": ""rental_car"", ""rate_per_unit"": 433.59, ""units"": 1, ""amount"": 433.59}, {""category"": ""ground_trans"", ""rate_per_unit"": 65.01, ""units"": 1, ""amount"": 65.01}, {""category"": ""incidentals"", ""rate_per_unit"": 14.45, ""units"": 1, ""amount"": 14.45}]",APPROVED,SUBMITTED,rate_above_per_diem
DTS-2026-00033,1MARDIV,1st Marine Division (Camp Pendleton),FY26-Q2,MSgt,K. GREEN,1231,TAD — Funeral honors detail,Oceanside,2026-03-22,2026-03-24,2,AIR,174,74,895.99,"[{""category"": ""lodging"", ""rate_per_unit"": 166.13, ""units"": 2, ""amount"": 332.27}, {""category"": ""mie"", ""rate_per_unit"": 74, ""units"": 2, ""amount"": 185.0}, {""category"": ""airfare"", ""rate_per_unit"": 329.73, ""units"": 1, ""amount"": 329.73}, {""category"": ""ground_trans"", ""rate_per_unit"": 44.55, ""units"": 1, ""amount"": 44.55}, {""category"": ""incidentals"", ""rate_per_unit"": 4.44, ""units"": 1, ""amount"": 4.44}]",APPROVED,SUBMITTED,
DTS-2026-00034,IIMEF,II MEF Force HQ (Camp Lejeune),FY26-Q2,LtCol,W. WALKER,1238,TAD — Working group,Beaufort,2026-01-21,2026-01-26,5,POV,110,64,923.86,"[{""category"": ""lodging"", ""rate_per_unit"": 100.78, ""units"": 5, ""amount"": 503.91}, {""category"": ""mie"", ""rate_per_unit"": 64, ""units"": 5, ""amount"": 352.0}, {""category"": ""ground_trans"", ""rate_per_unit"": 18.14, ""units"": 1, ""amount"": 18.14}, {""category"": ""incidentals"", ""rate_per_unit"": 49.81, ""units"": 1, ""amount"": 49.81}]",APPROVED,SUBMITTED,
DTS-2026-00035,IIMEF,II MEF Force HQ (Camp Lejeune),FY26-Q2,CWO2,A. MARTINEZ,1245,TAD — Site survey,Quantico,2026-02-01,2026-02-06,5,AIR,184,79,2503.82,"[{""category"": ""lodging"", ""rate_per_unit"": 189.76, ""units"": 5, ""amount"": 948.81}, {""category"": ""mie"", ""rate_per_unit"": 79, ""units"": 5, ""amount"": 434.5}, {""category"": ""airfare"", ""rate_per_unit"": 1062.93, ""units"": 1, ""amount"": 1062.93}, {""category"": ""ground_trans"", ""rate_per_unit"": 41.51, ""units"": 1, ""amount"": 41.51}, {""category"": ""incidentals"", ""rate_per_unit"": 16.07, ""units"": 1, ""amount"": 16.07}]",APPROVED,SUBMITTED,
DTS-2026-00036,IIMEF,II MEF Force HQ (Camp Lejeune),FY26-Q2,LCpl,A. WRIGHT,1252,TAD — Conference attendance,Arlington,2026-03-10,2026-03-16,6,AIR,277,84,3421.49,"[{""category"": ""lodging"", ""rate_per_unit"": 276.42, ""units"": 6, ""amount"": 1658.53}, {""category"": ""mie"", ""rate_per_unit"": 84, ""units"": 6, ""amount"": 546.0}, {""category"": ""airfare"", ""rate_per_unit"": 779.81, ""units"": 1, ""amount"": 779.81}, {""category"": ""rental_car"", ""rate_per_unit"": 365.04, ""units"": 1, ""amount"": 365.04}, {""category"": ""ground_trans"", ""rate_per_unit"": 70.4, ""units"": 1, ""amount"": 70.4}, {""category"": ""incidentals"", ""rate_per_unit"": 1.71, ""units"": 1, ""amount"": 1.71}]",APPROVED,SUBMITTED,
DTS-2026-00037,IIMEF,II MEF Force HQ (Camp Lejeune),FY26-Q2,GySgt,H. ALLEN,1259,TAD — Equipment fielding,Beaufort,2026-01-05,2026-01-08,3,POV,110,64,633.6,"[{""category"": ""lodging"", ""rate_per_unit"": 114.06, ""units"": 3, ""amount"": 342.19}, {""category"": ""mie"", ""rate_per_unit"": 64, ""units"": 3, ""amount"": 224.0}, {""category"": ""ground_trans"", ""rate_per_unit"": 10.42, ""units"": 1, ""amount"": 10.42}, {""category"": ""incidentals"", ""rate_per_unit"": 56.99, ""units"": 1, ""amount"": 56.99}]",APPROVED,SUBMITTED,
DTS-2026-00038,IIMEF,II MEF Force HQ (Camp Lejeune),FY26-Q2,Maj,E. ANDERSON,1266,TAD — Site survey,Jacksonville,2026-02-07,2026-02-13,6,POV,110,64,1384.96,"[{""category"": ""lodging"", ""rate_per_unit"": 105.73, ""units"": 6, ""amount"": 634.36}, {""category"": ""mie"", ""rate_per_unit"": 64, ""units"": 6, ""amount"": 416.0}, {""category"": ""rental_car"", ""rate_per_unit"": 196.65, ""units"": 1, ""amount"": 196.65}, {""category"": ""ground_trans"", ""rate_per_unit"": 86.18, ""units"": 1, ""amount"": 86.18}, {""category"": ""incidentals"", ""rate_per_unit"": 51.77, ""units"": 1, ""amount"": 51.77}]",APPROVED,SUBMITTED,
DTS-2026-00039,IIMEF,II MEF Force HQ (Camp Lejeune),FY26-Q2,1stSgt,B. SCOTT,1273,TAD — Liaison visit,Quantico,2026-02-14,2026-02-16,2,AIR,184,79,2218.5,"[{""category"": ""lodging"", ""rate_per_unit"": 178.79, ""units"": 2, ""amount"": 357.58}, {""category"": ""mie"", ""rate_per_unit"": 79, ""units"": 2, ""amount"": 197.5}, {""category"": ""airfare"", ""rate_per_unit"": 1070.11, ""units"": 1, ""amount"": 1070.11}, {""category"": ""rental_car"", ""rate_per_unit"": 380.95, ""units"": 1, ""amount"": 380.95}, {""category"": ""ground_trans"", ""rate_per_unit"": 46.94, ""units"": 1, ""amount"": 46.94}, {""category"": ""incidentals"", ""rate_per_unit"": 29.46, ""units"": 1, ""amount"": 29.46}, {""category"": ""rental_car"", ""rate_per_unit"": 135.96, ""units"": 1, ""amount"": 135.96, ""note"": ""claimed_no_card_match""}]",APPROVED,SUBMITTED,voucher_no_card_charge
DTS-2026-00040,IIMEF,II MEF Force HQ (Camp Lejeune),FY26-Q2,LCpl,A. CLARK,1280,TAD — Site survey,Camp Lejeune,2026-03-17,2026-03-19,2,POV,110,64,479.48,"[{""category"": ""lodging"", ""rate_per_unit"": 110.86, ""units"": 2, ""amount"": 221.71}, {""category"": ""mie"", ""rate_per_unit"": 64, ""units"": 2, ""amount"": 160.0}, {""category"": ""ground_trans"", ""rate_per_unit"": 41.78, ""units"": 1, ""amount"": 41.78}, {""category"": ""incidentals"", ""rate_per_unit"": 55.99, ""units"": 1, ""amount"": 55.99}]",APPROVED,SUBMITTED,
DTS-2026-00041,IIMEF,II MEF Force HQ (Camp Lejeune),FY26-Q2,Cpl,D. MARTIN,1287,TAD — Equipment fielding,Arlington,2026-02-25,2026-03-03,6,AIR,277,84,2870.63,"[{""category"": ""lodging"", ""rate_per_unit"": 286.84, ""units"": 6, ""amount"": 1721.03}, {""category"": ""mie"", ""rate_per_unit"": 84, ""units"": 6, ""amount"": 546.0}, {""category"": ""airfare"", ""rate_per_unit"": 503.98, ""units"": 1, ""amount"": 503.98}, {""category"": ""ground_trans"", ""rate_per_unit"": 65.07, ""units"": 1, ""amount"": 65.07}, {""category"": ""incidentals"", ""rate_per_unit"": 34.55, ""units"": 1, ""amount"": 34.55}]",APPROVED,SUBMITTED,
DTS-2026-00042,IIMEF,II MEF Force HQ (Camp Lejeune),FY26-Q2,GySgt,W. CARTER,1294,TAD — Conference attendance,Washington,2026-01-07,2026-01-13,6,AIR,277,84,3426.05,"[{""category"": ""lodging"", ""rate_per_unit"": 277.65, ""units"": 6, ""amount"": 1665.89}, {""category"": ""mie"", ""rate_per_unit"": 84, ""units"": 6, ""amount"": 546.0}, {""category"": ""airfare"", ""rate_per_unit"": 1148.6, ""units"": 1, ""amount"": 1148.6}, {""category"": ""ground_trans"", ""rate_per_unit"": 61.26, ""units"": 1, ""amount"": 61.26}, {""category"": ""incidentals"", ""rate_per_unit"": 4.3, ""units"": 1, ""amount"": 4.3}]",APPROVED,SUBMITTED,amount_mismatch
DTS-2026-00043,IIMEF,II MEF Force HQ (Camp Lejeune),FY26-Q2,1stSgt,T. THOMAS,1301,TAD — Liaison visit,Washington,2026-01-29,2026-02-04,6,AIR,277,84,3261.41,"[{""category"": ""lodging"", ""rate_per_unit"": 271.2, ""units"": 6, ""amount"": 1627.19}, {""category"": ""mie"", ""rate_per_unit"": 84, ""units"": 6, ""amount"": 546.0}, {""category"": ""airfare"", ""rate_per_unit"": 1047.96, ""units"": 1, ""amount"": 1047.96}, {""category"": ""ground_trans"", ""rate_per_unit"": 5.42, ""units"": 1, ""amount"": 5.42}, {""category"": ""incidentals"", ""rate_per_unit"": 34.84, ""units"": 1, ""amount"": 34.84}]",APPROVED,SUBMITTED,
DTS-2026-00044,IIMEF,II MEF Force HQ (Camp Lejeune),FY26-Q2,1stLt,E. BROWN,1308,TAD — Conference attendance,Norfolk,2026-02-23,2026-02-28,5,AIR,134,74,1799.37,"[{""category"": ""lodging"", ""rate_per_unit"": 138.99, ""units"": 5, ""amount"": 694.97}, {""category"": ""mie"", ""rate_per_unit"": 74, ""units"": 5, ""amount"": 407.0}, {""category"": ""airfare"", ""rate_per_unit"": 649.36, ""units"": 1, ""amount"": 649.36}, {""category"": ""ground_trans"", ""rate_per_unit"": 47.96, ""units"": 1, ""amount"": 47.96}, {""category"": ""incidentals"", ""rate_per_unit"": 0.08, ""units"": 1, ""amount"": 0.08}]",APPROVED,SUBMITTED,
DTS-2026-00045,IIMEF,II MEF Force HQ (Camp Lejeune),FY26-Q2,GySgt,P. ADAMS,1315,TAD — Training course,Beaufort,2026-03-13,2026-03-20,7,POV,110,64,1822.06,"[{""category"": ""lodging"", ""rate_per_unit"": 111.81, ""units"": 7, ""amount"": 782.7}, {""category"": ""mie"", ""rate_per_unit"": 64, ""units"": 7, ""amount"": 480.0}, {""category"": ""rental_car"", ""rate_per_unit"": 495.14, ""units"": 1, ""amount"": 495.14}, {""category"": ""ground_trans"", ""rate_per_unit"": 51.14, ""units"": 1, ""amount"": 51.14}, {""category"": ""incidentals"", ""rate_per_unit"": 13.08, ""units"": 1, ""amount"": 13.08}]",APPROVED,SUBMITTED,duplicate
DTS-2026-00046,IIMEF,II MEF Force HQ (Camp Lejeune),FY26-Q2,1stLt,D. THOMPSON,1322,TAD — Training course,Beaufort,2026-01-25,2026-02-01,7,AIR,110,64,2291.04,"[{""category"": ""lodging"", ""rate_per_unit"": 107.55, ""units"": 7, ""amount"": 752.82}, {""category"": ""mie"", ""rate_per_unit"": 64, ""units"": 7, ""amount"": 480.0}, {""category"": ""airfare"", ""rate_per_unit"": 702.04, ""units"": 1, ""amount"": 702.04}, {""category"": ""rental_car"", ""rate_per_unit"": 291.27, ""units"": 1, ""amount"": 291.27}, {""category"": ""ground_trans"", ""rate_per_unit"": 55.6, ""units"": 1, ""amount"": 55.6}, {""category"": ""incidentals"", ""rate_per_unit"": 9.31, ""units"": 1, ""amount"": 9.31}]",APPROVED,SUBMITTED,
DTS-2026-00047,IIMEF,II MEF Force HQ (Camp Lejeune),FY26-Q2,Maj,F. BROWN,1329,TAD — Training course,Norfolk,2026-02-23,2026-02-26,3,AIR,134,74,1711.31,"[{""category"": ""lodging"", ""rate_per_unit"": 126.83, ""units"": 3, ""amount"": 380.5}, {""category"": ""mie"", ""rate_per_unit"": 74, ""units"": 3, ""amount"": 259.0}, {""category"": ""airfare"", ""rate_per_unit"": 1030.74, ""units"": 1, ""amount"": 1030.74}, {""category"": ""ground_trans"", ""rate_per_unit"": 2.81, ""units"": 1, ""amount"": 2.81}, {""category"": ""incidentals"", ""rate_per_unit"": 38.26, ""units"": 1, ""amount"": 38.26}]",APPROVED,SUBMITTED,
DTS-2026-00048,IIMEF,II MEF Force HQ (Camp Lejeune),FY26-Q2,MSgt,N. RIVERA,1336,TAD — Working group,Norfolk,2026-02-28,2026-03-04,4,AIR,134,74,1867.97,"[{""category"": ""lodging"", ""rate_per_unit"": 124.91, ""units"": 4, ""amount"": 499.65}, {""category"": ""mie"", ""rate_per_unit"": 74, ""units"": 4, ""amount"": 333.0}, {""category"": ""airfare"", ""rate_per_unit"": 692.59, ""units"": 1, ""amount"": 692.59}, {""category"": ""rental_car"", ""rate_per_unit"": 239.71, ""units"": 1, ""amount"": 239.71}, {""category"": ""ground_trans"", ""rate_per_unit"": 50.29, ""units"": 1, ""amount"": 50.29}, {""category"": ""incidentals"", ""rate_per_unit"": 52.73, ""units"": 1, ""amount"": 52.73}]",APPROVED,SUBMITTED,card_charge_no_voucher
DTS-2026-00049,IIMEF,II MEF Force HQ (Camp Lejeune),FY26-Q2,Maj,P. TAYLOR,1343,TAD — Equipment fielding,Beaufort,2026-01-12,2026-01-14,2,AIR,110,64,917.31,"[{""category"": ""lodging"", ""rate_per_unit"": 109.54, ""units"": 2, ""amount"": 219.08}, {""category"": ""mie"", ""rate_per_unit"": 64, ""units"": 2, ""amount"": 160.0}, {""category"": ""airfare"", ""rate_per_unit"": 512.78, ""units"": 1, ""amount"": 512.78}, {""category"": ""ground_trans"", ""rate_per_unit"": 10.67, ""units"": 1, ""amount"": 10.67}, {""category"": ""incidentals"", ""rate_per_unit"": 14.78, ""units"": 1, ""amount"": 14.78}]",APPROVED,SUBMITTED,
DTS-2026-00050,IIMEF,II MEF Force HQ (Camp Lejeune),FY26-Q2,2ndLt,C. GREEN,1350,PCS in-route travel,Beaufort,2026-01-02,2026-01-09,7,POV,110,64,2033.14,"[{""category"": ""lodging"", ""rate_per_unit"": 155.35, ""units"": 7, ""amount"": 1087.45}, {""category"": ""mie"", ""rate_per_unit"": 64, ""units"": 7, ""amount"": 480.0}, {""category"": ""rental_car"", ""rate_per_unit"": 450.53, ""units"": 1, ""amount"": 450.53}, {""category"": ""ground_trans"", ""rate_per_unit"": 7.33, ""units"": 1, ""amount"": 7.33}, {""category"": ""incidentals"", ""rate_per_unit"": 7.83, ""units"": 1, ""amount"": 7.83}]",APPROVED,SUBMITTED,rate_above_per_diem
DTS-2026-00051,IIMEF,II MEF Force HQ (Camp Lejeune),FY26-Q2,GySgt,P. WHITE,1357,TAD — Conference attendance,Washington,2026-03-05,2026-03-12,7,AIR,277,84,3202.79,"[{""category"": ""lodging"", ""rate_per_unit"": 264.05, ""units"": 7, ""amount"": 1848.38}, {""category"": ""mie"", ""rate_per_unit"": 84, ""units"": 7, ""amount"": 630.0}, {""category"": ""airfare"", ""rate_per_unit"": 695.9, ""units"": 1, ""amount"": 695.9}, {""category"": ""ground_trans"", ""rate_per_unit"": 6.32, ""units"": 1, ""amount"": 6.32}, {""category"": ""incidentals"", ""rate_per_unit"": 22.19, ""units"": 1, ""amount"": 22.19}]",APPROVED,SUBMITTED,
DTS-2026-00052,IIMEF,II MEF Force HQ (Camp Lejeune),FY26-Q2,MSgt,N. MARTINEZ,1364,TAD — Inspection / IG team,Quantico,2026-03-15,2026-03-20,5,AIR,184,79,2473.8,"[{""category"": ""lodging"", ""rate_per_unit"": 169.97, ""units"": 5, ""amount"": 849.85}, {""category"": ""mie"", ""rate_per_unit"": 79, ""units"": 5, ""amount"": 434.5}, {""category"": ""airfare"", ""rate_per_unit"": 1127.98, ""units"": 1, ""amount"": 1127.98}, {""category"": ""ground_trans"", ""rate_per_unit"": 39.3, ""units"": 1, ""amount"": 39.3}, {""category"": ""incidentals"", ""rate_per_unit"": 22.17, ""units"": 1, ""amount"": 22.17}]",APPROVED,SUBMITTED,
DTS-2026-00053,IIMEF,II MEF Force HQ (Camp Lejeune),FY26-Q2,MSgt,K. ALLEN,1371,TAD — Funeral honors detail,Arlington,2026-01-01,2026-01-06,5,AIR,277,84,2807.51,"[{""category"": ""lodging"", ""rate_per_unit"": 283.91, ""units"": 5, ""amount"": 1419.56}, {""category"": ""mie"", ""rate_per_unit"": 84, ""units"": 5, ""amount"": 462.0}, {""category"": ""airfare"", ""rate_per_unit"": 879.33, ""units"": 1, ""amount"": 879.33}, {""category"": ""ground_trans"", ""rate_per_unit"": 20.03, ""units"": 1, ""amount"": 20.03}, {""category"": ""incidentals"", ""rate_per_unit"": 26.59, ""units"": 1, ""amount"": 26.59}]",APPROVED,SUBMITTED,
DTS-2026-00054,IIMEF,II MEF Force HQ (Camp Lejeune),FY26-Q2,CWO3,D. ANDERSON,1378,TAD — Liaison visit,Washington,2026-02-16,2026-02-18,2,AIR,277,84,2074.96,"[{""category"": ""lodging"", ""rate_per_unit"": 262.45, ""units"": 2, ""amount"": 524.9}, {""category"": ""mie"", ""rate_per_unit"": 84, ""units"": 2, ""amount"": 210.0}, {""category"": ""airfare"", ""rate_per_unit"": 787.24, ""units"": 1, ""amount"": 787.24}, {""category"": ""rental_car"", ""rate_per_unit"": 492.6, ""units"": 1, ""amount"": 492.6}, {""category"": ""ground_trans"", ""rate_per_unit"": 19.46, ""units"": 1, ""amount"": 19.46}, {""category"": ""incidentals"", ""rate_per_unit"": 40.76, ""units"": 1, ""amount"": 40.76}]",APPROVED,SUBMITTED,
DTS-2026-00055,IIMEF,II MEF Force HQ (Camp Lejeune),FY26-Q2,LCpl,D. NGUYEN,1385,TAD — Inspection / IG team,Arlington,2026-02-03,2026-02-10,7,AIR,277,84,3242.58,"[{""category"": ""lodging"", ""rate_per_unit"": 250.64, ""units"": 7, ""amount"": 1754.51}, {""category"": ""mie"", ""rate_per_unit"": 84, ""units"": 7, ""amount"": 630.0}, {""category"": ""airfare"", ""rate_per_unit"": 576.24, ""units"": 1, ""amount"": 576.24}, {""category"": ""rental_car"", ""rate_per_unit"": 244.23, ""units"": 1, ""amount"": 244.23}, {""category"": ""ground_trans"", ""rate_per_unit"": 5.14, ""units"": 1, ""amount"": 5.14}, {""category"": ""incidentals"", ""rate_per_unit"": 32.46, ""units"": 1, ""amount"": 32.46}]",APPROVED,SUBMITTED,
DTS-2026-00056,IIMEF,II MEF Force HQ (Camp Lejeune),FY26-Q2,1stSgt,W. BROWN,1392,TAD — Funeral honors detail,Arlington,2026-03-14,2026-03-16,2,AIR,277,84,2457.34,"[{""category"": ""lodging"", ""rate_per_unit"": 278.85, ""units"": 2, ""amount"": 557.7}, {""category"": ""mie"", ""rate_per_unit"": 84, ""units"": 2, ""amount"": 210.0}, {""category"": ""airfare"", ""rate_per_unit"": 863.66, ""units"": 1, ""amount"": 863.66}, {""category"": ""rental_car"", ""rate_per_unit"": 534.2, ""units"": 1, ""amount"": 534.2}, {""category"": ""ground_trans"", ""rate_per_unit"": 4.96, ""units"": 1, ""amount"": 4.96}, {""category"": ""incidentals"", ""rate_per_unit"": 31.23, ""units"": 1, ""amount"": 31.23}, {""category"": ""incidentals"", ""rate_per_unit"": 255.59, ""units"": 1, ""amount"": 255.59, ""note"": ""receipt_missing""}]",APPROVED,SUBMITTED,missing_receipt
DTS-2026-00057,IIMEF,II MEF Force HQ (Camp Lejeune),FY26-Q2,Maj,W. RIVERA,1399,TAD — Funeral honors detail,Quantico,2026-02-23,2026-03-02,7,AIR,184,79,3114.35,"[{""category"": ""lodging"", ""rate_per_unit"": 176.65, ""units"": 7, ""amount"": 1236.58}, {""category"": ""mie"", ""rate_per_unit"": 79, ""units"": 7, ""amount"": 592.5}, {""category"": ""airfare"", ""rate_per_unit"": 941.2, ""units"": 1, ""amount"": 941.2}, {""category"": ""rental_car"", ""rate_per_unit"": 304.18, ""units"": 1, ""amount"": 304.18}, {""category"": ""ground_trans"", ""rate_per_unit"": 35.48, ""units"": 1, ""amount"": 35.48}, {""category"": ""incidentals"", ""rate_per_unit"": 4.41, ""units"": 1, ""amount"": 4.41}]",APPROVED,SUBMITTED,
DTS-2026-00058,IIMEF,II MEF Force HQ (Camp Lejeune),FY26-Q2,1stLt,G. NGUYEN,1406,PCS in-route travel,Beaufort,2026-02-07,2026-02-09,2,AIR,110,64,1113.46,"[{""category"": ""lodging"", ""rate_per_unit"": 102.23, ""units"": 2, ""amount"": 204.45}, {""category"": ""mie"", ""rate_per_unit"": 64, ""units"": 2, ""amount"": 160.0}, {""category"": ""airfare"", ""rate_per_unit"": 346.24, ""units"": 1, ""amount"": 346.24}, {""category"": ""rental_car"", ""rate_per_unit"": 256.34, ""units"": 1, ""amount"": 256.34}, {""category"": ""ground_trans"", ""rate_per_unit"": 93.94, ""units"": 1, ""amount"": 93.94}, {""category"": ""incidentals"", ""rate_per_unit"": 52.49, ""units"": 1, ""amount"": 52.49}]",APPROVED,SUBMITTED,
DTS-2026-00059,IIMEF,II MEF Force HQ (Camp Lejeune),FY26-Q2,LtCol,E. MOORE,1413,TAD — Conference attendance,Camp Lejeune,2026-02-26,2026-03-02,4,AIR,110,64,1915.34,"[{""category"": ""lodging"", ""rate_per_unit"": 105.45, ""units"": 4, ""amount"": 421.82}, {""category"": ""mie"", ""rate_per_unit"": 64, ""units"": 4, ""amount"": 288.0}, {""category"": ""airfare"", ""rate_per_unit"": 666.67, ""units"": 1, ""amount"": 666.67}, {""category"": ""rental_car"", ""rate_per_unit"": 390.05, ""units"": 1, ""amount"": 390.05}, {""category"": ""ground_trans"", ""rate_per_unit"": 91.86, ""units"": 1, ""amount"": 91.86}, {""category"": ""incidentals"", ""rate_per_unit"": 56.94, ""units"": 1, ""amount"": 56.94}]",APPROVED,SUBMITTED,non_authorized
DTS-2026-00060,IIMEF,II MEF Force HQ (Camp Lejeune),FY26-Q2,Col,R. ROBERTS,1420,PCS in-route travel,Quantico,2026-02-23,2026-02-25,2,AIR,184,79,1832.6,"[{""category"": ""lodging"", ""rate_per_unit"": 179.4, ""units"": 2, ""amount"": 358.8}, {""category"": ""mie"", ""rate_per_unit"": 79, ""units"": 2, ""amount"": 197.5}, {""category"": ""airfare"", ""rate_per_unit"": 711.36, ""units"": 1, ""amount"": 711.36}, {""category"": ""rental_car"", ""rate_per_unit"": 495.23, ""units"": 1, ""amount"": 495.23}, {""category"": ""ground_trans"", ""rate_per_unit"": 30.33, ""units"": 1, ""amount"": 30.33}, {""category"": ""incidentals"", ""rate_per_unit"": 39.38, ""units"": 1, ""amount"": 39.38}]",APPROVED,SUBMITTED,
DTS-2026-00061,IIMEF,II MEF Force HQ (Camp Lejeune),FY26-Q2,LtCol,M. CARTER,1427,TAD — Site survey,Washington,2026-03-22,2026-03-26,4,AIR,277,84,2631.28,"[{""category"": ""lodging"", ""rate_per_unit"": 269.93, ""units"": 4, ""amount"": 1079.72}, {""category"": ""mie"", ""rate_per_unit"": 84, ""units"": 4, ""amount"": 378.0}, {""category"": ""airfare"", ""rate_per_unit"": 842.58, ""units"": 1, ""amount"": 842.58}, {""category"": ""rental_car"", ""rate_per_unit"": 223.95, ""units"": 1, ""amount"": 223.95}, {""category"": ""ground_trans"", ""rate_per_unit"": 77.05, ""units"": 1, ""amount"": 77.05}, {""category"": ""incidentals"", ""rate_per_unit"": 29.98, ""units"": 1, ""amount"": 29.98}]",APPROVED,SUBMITTED,
DTS-2026-00062,IIMEF,II MEF Force HQ (Camp Lejeune),FY26-Q2,GySgt,N. RODRIGUEZ,1434,TAD — Conference attendance,Norfolk,2026-03-25,2026-03-27,2,AIR,134,74,1614.61,"[{""category"": ""lodging"", ""rate_per_unit"": 133.33, ""units"": 2, ""amount"": 266.67}, {""category"": ""mie"", ""rate_per_unit"": 74, ""units"": 2, ""amount"": 185.0}, {""category"": ""airfare"", ""rate_per_unit"": 1137.13, ""units"": 1, ""amount"": 1137.13}, {""category"": ""ground_trans"", ""rate_per_unit"": 2.4, ""units"": 1, ""amount"": 2.4}, {""category"": ""incidentals"", ""rate_per_unit"": 23.41, ""units"": 1, ""amount"": 23.41}]",APPROVED,SUBMITTED,
DTS-2026-00063,IIMEF,II MEF Force HQ (Camp Lejeune),FY26-Q2,Sgt,A. JOHNSON,1441,TAD — Working group,Washington,2026-01-06,2026-01-08,2,AIR,277,84,1515.23,"[{""category"": ""lodging"", ""rate_per_unit"": 249.88, ""units"": 2, ""amount"": 499.76}, {""category"": ""mie"", ""rate_per_unit"": 84, ""units"": 2, ""amount"": 210.0}, {""category"": ""airfare"", ""rate_per_unit"": 711.45, ""units"": 1, ""amount"": 711.45}, {""category"": ""ground_trans"", ""rate_per_unit"": 89.23, ""units"": 1, ""amount"": 89.23}, {""category"": ""incidentals"", ""rate_per_unit"": 4.79, ""units"": 1, ""amount"": 4.79}]",APPROVED,SUBMITTED,amount_mismatch
DTS-2026-00064,IIMEF,II MEF Force HQ (Camp Lejeune),FY26-Q2,MSgt,S. PEREZ,1448,TAD — Working group,Washington,2026-02-03,2026-02-08,5,AIR,277,84,2961.38,"[{""category"": ""lodging"", ""rate_per_unit"": 281.46, ""units"": 5, ""amount"": 1407.32}, {""category"": ""mie"", ""rate_per_unit"": 84, ""units"": 5, ""amount"": 462.0}, {""category"": ""airfare"", ""rate_per_unit"": 724.77, ""units"": 1, ""amount"": 724.77}, {""category"": ""rental_car"", ""rate_per_unit"": 333.48, ""units"": 1, ""amount"": 333.48}, {""category"": ""ground_trans"", ""rate_per_unit"": 4.2, ""units"": 1, ""amount"": 4.2}, {""category"": ""incidentals"", ""rate_per_unit"": 29.61, ""units"": 1, ""amount"": 29.61}]",APPROVED,SUBMITTED,
DTS-2026-00065,IIMEF,II MEF Force HQ (Camp Lejeune),FY26-Q2,Cpl,W. BAKER,1455,TAD — Equipment fielding,Washington,2026-03-20,2026-03-27,7,AIR,277,84,3610.49,"[{""category"": ""lodging"", ""rate_per_unit"": 273.98, ""units"": 7, ""amount"": 1917.88}, {""category"": ""mie"", ""rate_per_unit"": 84, ""units"": 7, ""amount"": 630.0}, {""category"": ""airfare"", ""rate_per_unit"": 1049.44, ""units"": 1, ""amount"": 1049.44}, {""category"": ""ground_trans"", ""rate_per_unit"": 12.51, ""units"": 1, ""amount"": 12.51}, {""category"": ""incidentals"", ""rate_per_unit"": 0.66, ""units"": 1, ""amount"": 0.66}]",APPROVED,SUBMITTED,
DTS-2026-00066,IIMEF,II MEF Force HQ (Camp Lejeune),FY26-Q2,LCpl,R. MARTINEZ,1462,TAD — Site survey,Quantico,2026-01-05,2026-01-07,2,AIR,184,79,1870.25,"[{""category"": ""lodging"", ""rate_per_unit"": 175.26, ""units"": 2, ""amount"": 350.51}, {""category"": ""mie"", ""rate_per_unit"": 79, ""units"": 2, ""amount"": 197.5}, {""category"": ""airfare"", ""rate_per_unit"": 620.82, ""units"": 1, ""amount"": 620.82}, {""category"": ""rental_car"", ""rate_per_unit"": 445.53, ""units"": 1, ""amount"": 445.53}, {""category"": ""ground_trans"", ""rate_per_unit"": 73.32, ""units"": 1, ""amount"": 73.32}, {""category"": ""incidentals"", ""rate_per_unit"": 48.89, ""units"": 1, ""amount"": 48.89}, {""category"": ""rental_car"", ""rate_per_unit"": 133.68, ""units"": 1, ""amount"": 133.68, ""note"": ""claimed_no_card_match""}]",APPROVED,SUBMITTED,voucher_no_card_charge
DTS-2026-00067,MARFORPAC,"MARFORPAC HQ (Camp H.M. Smith, HI)",FY26-Q2,1stLt,H. MILLER,1469,TAD — Training course,Washington,2026-03-26,2026-03-28,2,AIR,277,84,2189.13,"[{""category"": ""lodging"", ""rate_per_unit"": 270.71, ""units"": 2, ""amount"": 541.43}, {""category"": ""mie"", ""rate_per_unit"": 84, ""units"": 2, ""amount"": 210.0}, {""category"": ""airfare"", ""rate_per_unit"": 983.81, ""units"": 1, ""amount"": 983.81}, {""category"": ""rental_car"", ""rate_per_unit"": 386.19, ""units"": 1, ""amount"": 386.19}, {""category"": ""ground_trans"", ""rate_per_unit"": 65.74, ""units"": 1, ""amount"": 65.74}, {""category"": ""incidentals"", ""rate_per_unit"": 1.96, ""units"": 1, ""amount"": 1.96}]",APPROVED,SUBMITTED,
DTS-2026-00068,MARFORPAC,"MARFORPAC HQ (Camp H.M. Smith, HI)",FY26-Q2,Cpl,H. HILL,1476,TAD — Site survey,Washington,2026-01-13,2026-01-15,2,AIR,277,84,1303.51,"[{""category"": ""lodging"", ""rate_per_unit"": 252.0, ""units"": 2, ""amount"": 504.01}, {""category"": ""mie"", ""rate_per_unit"": 84, ""units"": 2, ""amount"": 210.0}, {""category"": ""airfare"", ""rate_per_unit"": 518.47, ""units"": 1, ""amount"": 518.47}, {""category"": ""ground_trans"", ""rate_per_unit"": 32.27, ""units"": 1, ""amount"": 32.27}, {""category"": ""incidentals"", ""rate_per_unit"": 38.76, ""units"": 1, ""amount"": 38.76}]",APPROVED,SUBMITTED,
DTS-2026-00069,MARFORPAC,"MARFORPAC HQ (Camp H.M. Smith, HI)",FY26-Q2,LCpl,O. MARTINEZ,1483,TAD — School / PME,San Diego,2026-03-20,2026-03-27,7,POV,217,79,2438.8,"[{""category"": ""lodging"", ""rate_per_unit"": 221.43, ""units"": 7, ""amount"": 1550.04}, {""category"": ""mie"", ""rate_per_unit"": 79, ""units"": 7, ""amount"": 592.5}, {""category"": ""rental_car"", ""rate_per_unit"": 203.92, ""units"": 1, ""amount"": 203.92}, {""category"": ""ground_trans"", ""rate_per_unit"": 81.59, ""units"": 1, ""amount"": 81.59}, {""category"": ""incidentals"", ""rate_per_unit"": 10.75, ""units"": 1, ""amount"": 10.75}]",APPROVED,SUBMITTED,
DTS-2026-00070,MARFORPAC,"MARFORPAC HQ (Camp H.M. Smith, HI)",FY26-Q2,CWO3,R. CARTER,1490,TAD — Inspection / IG team,Okinawa,2026-02-16,2026-02-22,6,AIR,178,124,2939.39,"[{""category"": ""lodging"", ""rate_per_unit"": 169.17, ""units"": 6, ""amount"": 1015.03}, {""category"": ""mie"", ""rate_per_unit"": 124, ""units"": 6, ""amount"": 806.0}, {""category"": ""airfare"", ""rate_per_unit"": 983.76, ""units"": 1, ""amount"": 983.76}, {""category"": ""ground_trans"", ""rate_per_unit"": 91.74, ""units"": 1, ""amount"": 91.74}, {""category"": ""incidentals"", ""rate_per_unit"": 42.86, ""units"": 1, ""amount"": 42.86}]",APPROVED,SUBMITTED,
DTS-2026-00071,MARFORPAC,"MARFORPAC HQ (Camp H.M. Smith, HI)",FY26-Q2,LCpl,W. RODRIGUEZ,1497,TAD — Site survey,Honolulu,2026-01-09,2026-01-12,3,AIR,252,134,2080.77,"[{""category"": ""lodging"", ""rate_per_unit"": 249.45, ""units"": 3, ""amount"": 748.34}, {""category"": ""mie"", ""rate_per_unit"": 134, ""units"": 3, ""amount"": 469.0}, {""category"": ""airfare"", ""rate_per_unit"": 821.36, ""units"": 1, ""amount"": 821.36}, {""category"": ""ground_trans"", ""rate_per_unit"": 6.08, ""units"": 1, ""amount"": 6.08}, {""category"": ""incidentals"", ""rate_per_unit"": 35.99, ""units"": 1, ""amount"": 35.99}]",APPROVED,SUBMITTED,card_charge_no_voucher
DTS-2026-00072,MARFORPAC,"MARFORPAC HQ (Camp H.M. Smith, HI)",FY26-Q2,Cpl,P. CAMPBELL,1504,TAD — Liaison visit,Arlington,2026-03-01,2026-03-08,7,AIR,277,84,3612.92,"[{""category"": ""lodging"", ""rate_per_unit"": 256.93, ""units"": 7, ""amount"": 1798.54}, {""category"": ""mie"", ""rate_per_unit"": 84, ""units"": 7, ""amount"": 630.0}, {""category"": ""airfare"", ""rate_per_unit"": 648.42, ""units"": 1, ""amount"": 648.42}, {""category"": ""rental_car"", ""rate_per_unit"": 487.27, ""units"": 1, ""amount"": 487.27}, {""category"": ""ground_trans"", ""rate_per_unit"": 10.32, ""units"": 1, ""amount"": 10.32}, {""category"": ""incidentals"", ""rate_per_unit"": 38.37, ""units"": 1, ""amount"": 38.37}]",APPROVED,SUBMITTED,
DTS-2026-00073,MARFORPAC,"MARFORPAC HQ (Camp H.M. Smith, HI)",FY26-Q2,Capt,C. CAMPBELL,1511,PCS in-route travel,San Diego,2026-01-08,2026-01-15,7,AIR,217,79,3081.27,"[{""category"": ""lodging"", ""rate_per_unit"": 213.18, ""units"": 7, ""amount"": 1492.24}, {""category"": ""mie"", ""rate_per_unit"": 79, ""units"": 7, ""amount"": 592.5}, {""category"": ""airfare"", ""rate_per_unit"": 472.49, ""units"": 1, ""amount"": 472.49}, {""category"": ""rental_car"", ""rate_per_unit"": 483.36, ""units"": 1, ""amount"": 483.36}, {""category"": ""ground_trans"", ""rate_per_unit"": 15.5, ""units"": 1, ""amount"": 15.5}, {""category"": ""incidentals"", ""rate_per_unit"": 25.18, ""units"": 1, ""amount"": 25.18}]",APPROVED,SUBMITTED,
DTS-2026-00074,MARFORPAC,"MARFORPAC HQ (Camp H.M. Smith, HI)",FY26-Q2,LtCol,O. NELSON,1518,TAD — Funeral honors detail,Washington,2026-03-19,2026-03-26,7,AIR,277,84,3571.25,"[{""category"": ""lodging"", ""rate_per_unit"": 280.56, ""units"": 7, ""amount"": 1963.92}, {""category"": ""mie"", ""rate_per_unit"": 84, ""units"": 7, ""amount"": 630.0}, {""category"": ""airfare"", ""rate_per_unit"": 886.89, ""units"": 1, ""amount"": 886.89}, {""category"": ""ground_trans"", ""rate_per_unit"": 83.55, ""units"": 1, ""amount"": 83.55}, {""category"": ""incidentals"", ""rate_per_unit"": 6.89, ""units"": 1, ""amount"": 6.89}]",APPROVED,SUBMITTED,duplicate
DTS-2026-00075,MARFORPAC,"MARFORPAC HQ (Camp H.M. Smith, HI)",FY26-Q2,CWO2,L. SCOTT,1525,TAD — Training course,San Diego,2026-01-10,2026-01-13,3,POV,217,79,983.99,"[{""category"": ""lodging"", ""rate_per_unit"": 204.76, ""units"": 3, ""amount"": 614.28}, {""category"": ""mie"", ""rate_per_unit"": 79, ""units"": 3, ""amount"": 276.5}, {""category"": ""ground_trans"", ""rate_per_unit"": 41.21, ""units"": 1, ""amount"": 41.21}, {""category"": ""incidentals"", ""rate_per_unit"": 52.0, ""units"": 1, ""amount"": 52.0}]",APPROVED,SUBMITTED,
DTS-2026-00076,MARFORPAC,"MARFORPAC HQ (Camp H.M. Smith, HI)",FY26-Q2,SSgt,P. WILLIAMS,1532,PCS in-route travel,San Diego,2026-01-17,2026-01-19,2,POV,217,79,762.57,"[{""category"": ""lodging"", ""rate_per_unit"": 221.97, ""units"": 2, ""amount"": 443.94}, {""category"": ""mie"", ""rate_per_unit"": 79, ""units"": 2, ""amount"": 197.5}, {""category"": ""ground_trans"", ""rate_per_unit"": 73.7, ""units"": 1, ""amount"": 73.7}, {""category"": ""incidentals"", ""rate_per_unit"": 47.43, ""units"": 1, ""amount"": 47.43}]",APPROVED,SUBMITTED,
DTS-2026-00077,MARFORPAC,"MARFORPAC HQ (Camp H.M. Smith, HI)",FY26-Q2,LtCol,S. SANCHEZ,1539,PCS in-route travel,Okinawa,2026-01-02,2026-01-09,7,AIR,178,124,3148.54,"[{""category"": ""lodging"", ""rate_per_unit"": 164.68, ""units"": 7, ""amount"": 1152.76}, {""category"": ""mie"", ""rate_per_unit"": 124, ""units"": 7, ""amount"": 930.0}, {""category"": ""airfare"", ""rate_per_unit"": 657.58, ""units"": 1, ""amount"": 657.58}, {""category"": ""rental_car"", ""rate_per_unit"": 315.1, ""units"": 1, ""amount"": 315.1}, {""category"": ""ground_trans"", ""rate_per_unit"": 49.78, ""units"": 1, ""amount"": 49.78}, {""category"": ""incidentals"", ""rate_per_unit"": 43.32, ""units"": 1, ""amount"": 43.32}]",APPROVED,SUBMITTED,
DTS-2026-00078,MARFORPAC,"MARFORPAC HQ (Camp H.M. Smith, HI)",FY26-Q2,WO1,A. THOMPSON,1546,PCS in-route travel,Washington,2026-03-22,2026-03-25,3,AIR,277,84,2723.06,"[{""category"": ""lodging"", ""rate_per_unit"": 269.94, ""units"": 3, ""amount"": 809.81}, {""category"": ""mie"", ""rate_per_unit"": 84, ""units"": 3, ""amount"": 294.0}, {""category"": ""airfare"", ""rate_per_unit"": 1068.34, ""units"": 1, ""amount"": 1068.34}, {""category"": ""rental_car"", ""rate_per_unit"": 205.28, ""units"": 1, ""amount"": 205.28}, {""category"": ""ground_trans"", ""rate_per_unit"": 26.17, ""units"": 1, ""amount"": 26.17}, {""category"": ""incidentals"", ""rate_per_unit"": 43.35, ""units"": 1, ""amount"": 43.35}, {""category"": ""incidentals"", ""rate_per_unit"": 276.11, ""units"": 1, ""amount"": 276.11, ""note"": ""receipt_missing""}]",APPROVED,SUBMITTED,missing_receipt
DTS-2026-00079,MARFORPAC,"MARFORPAC HQ (Camp H.M. Smith, HI)",FY26-Q2,WO1,W. THOMAS,1553,TAD — Inspection / IG team,Arlington,2026-01-03,2026-01-05,2,AIR,277,84,1784.29,"[{""category"": ""lodging"", ""rate_per_unit"": 253.24, ""units"": 2, ""amount"": 506.47}, {""category"": ""mie"", ""rate_per_unit"": 84, ""units"": 2, ""amount"": 210.0}, {""category"": ""airfare"", ""rate_per_unit"": 1017.22, ""units"": 1, ""amount"": 1017.22}, {""category"": ""ground_trans"", ""rate_per_unit"": 16.17, ""units"": 1, ""amount"": 16.17}, {""category"": ""incidentals"", ""rate_per_unit"": 34.43, ""units"": 1, ""amount"": 34.43}]",APPROVED,SUBMITTED,
DTS-2026-00080,MARFORPAC,"MARFORPAC HQ (Camp H.M. Smith, HI)",FY26-Q2,MSgt,T. DAVIS,1560,TAD — Training course,Okinawa,2026-02-23,2026-03-01,6,AIR,178,124,2596.75,"[{""category"": ""lodging"", ""rate_per_unit"": 180.13, ""units"": 6, ""amount"": 1080.79}, {""category"": ""mie"", ""rate_per_unit"": 124, ""units"": 6, ""amount"": 806.0}, {""category"": ""airfare"", ""rate_per_unit"": 652.81, ""units"": 1, ""amount"": 652.81}, {""category"": ""ground_trans"", ""rate_per_unit"": 47.2, ""units"": 1, ""amount"": 47.2}, {""category"": ""incidentals"", ""rate_per_unit"": 9.95, ""units"": 1, ""amount"": 9.95}]",APPROVED,SUBMITTED,
DTS-2026-00081,MARFORPAC,"MARFORPAC HQ (Camp H.M. Smith, HI)",FY26-Q2,GySgt,L. THOMAS,1567,TAD — School / PME,Okinawa,2026-01-27,2026-02-03,7,AIR,178,124,3098.51,"[{""category"": ""lodging"", ""rate_per_unit"": 162.35, ""units"": 7, ""amount"": 1136.45}, {""category"": ""mie"", ""rate_per_unit"": 124, ""units"": 7, ""amount"": 930.0}, {""category"": ""airfare"", ""rate_per_unit"": 588.08, ""units"": 1, ""amount"": 588.08}, {""category"": ""rental_car"", ""rate_per_unit"": 369.66, ""units"": 1, ""amount"": 369.66}, {""category"": ""ground_trans"", ""rate_per_unit"": 52.79, ""units"": 1, ""amount"": 52.79}, {""category"": ""incidentals"", ""rate_per_unit"": 21.53, ""units"": 1, ""amount"": 21.53}]",APPROVED,SUBMITTED,
DTS-2026-00082,MARFORPAC,"MARFORPAC HQ (Camp H.M. Smith, HI)",FY26-Q2,SSgt,H. CAMPBELL,1574,TAD — Conference attendance,Okinawa,2026-01-14,2026-01-19,5,AIR,178,124,2648.7,"[{""category"": ""lodging"", ""rate_per_unit"": 163.48, ""units"": 5, ""amount"": 817.38}, {""category"": ""mie"", ""rate_per_unit"": 124, ""units"": 5, ""amount"": 682.0}, {""category"": ""airfare"", ""rate_per_unit"": 944.68, ""units"": 1, ""amount"": 944.68}, {""category"": ""ground_trans"", ""rate_per_unit"": 61.54, ""units"": 1, ""amount"": 61.54}, {""category"": ""incidentals"", ""rate_per_unit"": 19.5, ""units"": 1, ""amount"": 19.5}, {""category"": ""rental_car"", ""rate_per_unit"": 123.6, ""units"": 1, ""amount"": 123.6, ""note"": ""claimed_no_card_match""}]",APPROVED,SUBMITTED,voucher_no_card_charge
DTS-2026-00083,MARFORPAC,"MARFORPAC HQ (Camp H.M. Smith, HI)",FY26-Q2,LtCol,K. THOMPSON,1581,PCS in-route travel,Quantico,2026-02-23,2026-02-28,5,AIR,184,79,2399.83,"[{""category"": ""lodging"", ""rate_per_unit"": 169.22, ""units"": 5, ""amount"": 846.12}, {""category"": ""mie"", ""rate_per_unit"": 79, ""units"": 5, ""amount"": 434.5}, {""category"": ""airfare"", ""rate_per_unit"": 1056.44, ""units"": 1, ""amount"": 1056.44}, {""category"": ""ground_trans"", ""rate_per_unit"": 59.38, ""units"": 1, ""amount"": 59.38}, {""category"": ""incidentals"", ""rate_per_unit"": 3.39, ""units"": 1, ""amount"": 3.39}]",APPROVED,SUBMITTED,
DTS-2026-00084,MARFORPAC,"MARFORPAC HQ (Camp H.M. Smith, HI)",FY26-Q2,Col,T. ANDERSON,1588,TAD — Training course,Honolulu,2026-01-19,2026-01-24,5,AIR,252,134,3279.38,"[{""category"": ""lodging"", ""rate_per_unit"": 252.05, ""units"": 5, ""amount"": 1260.24}, {""category"": ""mie"", ""rate_per_unit"": 134, ""units"": 5, ""amount"": 737.0}, {""category"": ""airfare"", ""rate_per_unit"": 899.97, ""units"": 1, ""amount"": 899.97}, {""category"": ""rental_car"", ""rate_per_unit"": 354.39, ""units"": 1, ""amount"": 354.39}, {""category"": ""ground_trans"", ""rate_per_unit"": 19.59, ""units"": 1, ""amount"": 19.59}, {""category"": ""incidentals"", ""rate_per_unit"": 8.19, ""units"": 1, ""amount"": 8.19}]",APPROVED,SUBMITTED,
DTS-2026-00085,MARFORPAC,"MARFORPAC HQ (Camp H.M. Smith, HI)",FY26-Q2,CWO3,L. TAYLOR,1595,TAD — Working group,Arlington,2026-03-10,2026-03-14,4,AIR,277,84,2906.45,"[{""category"": ""lodging"", ""rate_per_unit"": 377.14, ""units"": 4, ""amount"": 1508.56}, {""category"": ""mie"", ""rate_per_unit"": 84, ""units"": 4, ""amount"": 378.0}, {""category"": ""airfare"", ""rate_per_unit"": 895.8, ""units"": 1, ""amount"": 895.8}, {""category"": ""ground_trans"", ""rate_per_unit"": 94.7, ""units"": 1, ""amount"": 94.7}, {""category"": ""incidentals"", ""rate_per_unit"": 29.39, ""units"": 1, ""amount"": 29.39}]",APPROVED,SUBMITTED,rate_above_per_diem
DTS-2026-00086,MARFORPAC,"MARFORPAC HQ (Camp H.M. Smith, HI)",FY26-Q2,Maj,W. MARTIN,1602,TAD — School / PME,San Diego,2026-02-09,2026-02-15,6,POV,217,79,1800.32,"[{""category"": ""lodging"", ""rate_per_unit"": 211.47, ""units"": 6, ""amount"": 1268.8}, {""category"": ""mie"", ""rate_per_unit"": 79, ""units"": 6, ""amount"": 513.5}, {""category"": ""ground_trans"", ""rate_per_unit"": 9.41, ""units"": 1, ""amount"": 9.41}, {""category"": ""incidentals"", ""rate_per_unit"": 8.61, ""units"": 1, ""amount"": 8.61}]",APPROVED,SUBMITTED,
DTS-2026-00087,MARFORPAC,"MARFORPAC HQ (Camp H.M. Smith, HI)",FY26-Q2,2ndLt,K. ROBINSON,1609,TAD — Funeral honors detail,Washington,2026-02-13,2026-02-15,2,AIR,277,84,2234.75,"[{""category"": ""lodging"", ""rate_per_unit"": 290.53, ""units"": 2, ""amount"": 581.06}, {""category"": ""mie"", ""rate_per_unit"": 84, ""units"": 2, ""amount"": 210.0}, {""category"": ""airfare"", ""rate_per_unit"": 896.58, ""units"": 1, ""amount"": 896.58}, {""category"": ""rental_car"", ""rate_per_unit"": 411.46, ""units"": 1, ""amount"": 411.46}, {""category"": ""ground_trans"", ""rate_per_unit"": 84.11, ""units"": 1, ""amount"": 84.11}, {""category"": ""incidentals"", ""rate_per_unit"": 51.54, ""units"": 1, ""amount"": 51.54}]",APPROVED,SUBMITTED,
DTS-2026-00088,MARFORPAC,"MARFORPAC HQ (Camp H.M. Smith, HI)",FY26-Q2,Cpl,G. WILLIAMS,1616,TAD — Site survey,San Diego,2026-02-17,2026-02-23,6,AIR,217,79,2868.22,"[{""category"": ""lodging"", ""rate_per_unit"": 213.92, ""units"": 6, ""amount"": 1283.55}, {""category"": ""mie"", ""rate_per_unit"": 79, ""units"": 6, ""amount"": 513.5}, {""category"": ""airfare"", ""rate_per_unit"": 491.6, ""units"": 1, ""amount"": 491.6}, {""category"": ""rental_car"", ""rate_per_unit"": 451.35, ""units"": 1, ""amount"": 451.35}, {""category"": ""ground_trans"", ""rate_per_unit"": 72.73, ""units"": 1, ""amount"": 72.73}, {""category"": ""incidentals"", ""rate_per_unit"": 55.49, ""units"": 1, ""amount"": 55.49}]",APPROVED,SUBMITTED,
DTS-2026-00089,MARFORPAC,"MARFORPAC HQ (Camp H.M. Smith, HI)",FY26-Q2,CWO2,N. DAVIS,1623,TAD — Working group,Okinawa,2026-01-04,2026-01-11,7,AIR,178,124,3440.65,"[{""category"": ""lodging"", ""rate_per_unit"": 176.42, ""units"": 7, ""amount"": 1234.93}, {""category"": ""mie"", ""rate_per_unit"": 124, ""units"": 7, ""amount"": 930.0}, {""category"": ""airfare"", ""rate_per_unit"": 930.99, ""units"": 1, ""amount"": 930.99}, {""category"": ""rental_car"", ""rate_per_unit"": 290.59, ""units"": 1, ""amount"": 290.59}, {""category"": ""ground_trans"", ""rate_per_unit"": 23.42, ""units"": 1, ""amount"": 23.42}, {""category"": ""incidentals"", ""rate_per_unit"": 30.72, ""units"": 1, ""amount"": 30.72}]",APPROVED,SUBMITTED,amount_mismatch
DTS-2026-00090,MARFORPAC,"MARFORPAC HQ (Camp H.M. Smith, HI)",FY26-Q2,2ndLt,H. MARTINEZ,1630,TAD — Equipment fielding,Washington,2026-01-10,2026-01-13,3,AIR,277,84,2722.18,"[{""category"": ""lodging"", ""rate_per_unit"": 270.99, ""units"": 3, ""amount"": 812.97}, {""category"": ""mie"", ""rate_per_unit"": 84, ""units"": 3, ""amount"": 294.0}, {""category"": ""airfare"", ""rate_per_unit"": 1034.1, ""units"": 1, ""amount"": 1034.1}, {""category"": ""rental_car"", ""rate_per_unit"": 530.53, ""units"": 1, ""amount"": 530.53}, {""category"": ""ground_trans"", ""rate_per_unit"": 39.01, ""units"": 1, ""amount"": 39.01}, {""category"": ""incidentals"", ""rate_per_unit"": 11.57, ""units"": 1, ""amount"": 11.57}]",APPROVED,SUBMITTED,
DTS-2026-00091,MARFORPAC,"MARFORPAC HQ (Camp H.M. Smith, HI)",FY26-Q2,SSgt,N. PEREZ,1637,PCS in-route travel,Quantico,2026-01-14,2026-01-18,4,AIR,184,79,1976.5,"[{""category"": ""lodging"", ""rate_per_unit"": 187.71, ""units"": 4, ""amount"": 750.84}, {""category"": ""mie"", ""rate_per_unit"": 79, ""units"": 4, ""amount"": 355.5}, {""category"": ""airfare"", ""rate_per_unit"": 763.85, ""units"": 1, ""amount"": 763.85}, {""category"": ""ground_trans"", ""rate_per_unit"": 85.6, ""units"": 1, ""amount"": 85.6}, {""category"": ""incidentals"", ""rate_per_unit"": 20.71, ""units"": 1, ""amount"": 20.71}]",APPROVED,SUBMITTED,
DTS-2026-00092,MARFORPAC,"MARFORPAC HQ (Camp H.M. Smith, HI)",FY26-Q2,GySgt,S. THOMPSON,1644,TAD — Site survey,Quantico,2026-01-19,2026-01-26,7,AIR,184,79,2983.86,"[{""category"": ""lodging"", ""rate_per_unit"": 184.18, ""units"": 7, ""amount"": 1289.29}, {""category"": ""mie"", ""rate_per_unit"": 79, ""units"": 7, ""amount"": 592.5}, {""category"": ""airfare"", ""rate_per_unit"": 1015.35, ""units"": 1, ""amount"": 1015.35}, {""category"": ""ground_trans"", ""rate_per_unit"": 77.17, ""units"": 1, ""amount"": 77.17}, {""category"": ""incidentals"", ""rate_per_unit"": 9.55, ""units"": 1, ""amount"": 9.55}]",APPROVED,SUBMITTED,non_authorized
DTS-2026-00093,MARFORPAC,"MARFORPAC HQ (Camp H.M. Smith, HI)",FY26-Q2,LtCol,S. THOMPSON,1651,TAD — Conference attendance,San Diego,2026-01-12,2026-01-15,3,POV,217,79,1000.54,"[{""category"": ""lodging"", ""rate_per_unit"": 224.06, ""units"": 3, ""amount"": 672.18}, {""category"": ""mie"", ""rate_per_unit"": 79, ""units"": 3, ""amount"": 276.5}, {""category"": ""ground_trans"", ""rate_per_unit"": 30.24, ""units"": 1, ""amount"": 30.24}, {""category"": ""incidentals"", ""rate_per_unit"": 21.62, ""units"": 1, ""amount"": 21.62}]",APPROVED,SUBMITTED,
DTS-2026-00094,MARFORPAC,"MARFORPAC HQ (Camp H.M. Smith, HI)",FY26-Q2,Sgt,N. MARTIN,1658,TAD — Inspection / IG team,Quantico,2026-01-05,2026-01-12,7,AIR,184,79,2836.87,"[{""category"": ""lodging"", ""rate_per_unit"": 178.19, ""units"": 7, ""amount"": 1247.3}, {""category"": ""mie"", ""rate_per_unit"": 79, ""units"": 7, ""amount"": 592.5}, {""category"": ""airfare"", ""rate_per_unit"": 967.31, ""units"": 1, ""amount"": 967.31}, {""category"": ""ground_trans"", ""rate_per_unit"": 29.15, ""units"": 1, ""amount"": 29.15}, {""category"": ""incidentals"", ""rate_per_unit"": 0.61, ""units"": 1, ""amount"": 0.61}]",APPROVED,SUBMITTED,
DTS-2026-00095,MARFORPAC,"MARFORPAC HQ (Camp H.M. Smith, HI)",FY26-Q2,LtCol,M. MARTIN,1665,TAD — Site survey,Okinawa,2026-02-17,2026-02-19,2,AIR,178,124,1300.54,"[{""category"": ""lodging"", ""rate_per_unit"": 169.25, ""units"": 2, ""amount"": 338.5}, {""category"": ""mie"", ""rate_per_unit"": 124, ""units"": 2, ""amount"": 310.0}, {""category"": ""airfare"", ""rate_per_unit"": 545.36, ""units"": 1, ""amount"": 545.36}, {""category"": ""ground_trans"", ""rate_per_unit"": 76.94, ""units"": 1, ""amount"": 76.94}, {""category"": ""incidentals"", ""rate_per_unit"": 29.74, ""units"": 1, ""amount"": 29.74}]",APPROVED,SUBMITTED,
DTS-2026-00096,MARFORPAC,"MARFORPAC HQ (Camp H.M. Smith, HI)",FY26-Q2,LtCol,C. NGUYEN,1672,TAD — Conference attendance,San Diego,2026-03-08,2026-03-10,2,POV,217,79,877.64,"[{""category"": ""lodging"", ""rate_per_unit"": 202.67, ""units"": 2, ""amount"": 405.34}, {""category"": ""mie"", ""rate_per_unit"": 79, ""units"": 2, ""amount"": 197.5}, {""category"": ""rental_car"", ""rate_per_unit"": 229.27, ""units"": 1, ""amount"": 229.27}, {""category"": ""ground_trans"", ""rate_per_unit"": 28.73, ""units"": 1, ""amount"": 28.73}, {""category"": ""incidentals"", ""rate_per_unit"": 16.8, ""units"": 1, ""amount"": 16.8}]",APPROVED,SUBMITTED,card_charge_no_voucher
DTS-2026-00097,MARFORPAC,"MARFORPAC HQ (Camp H.M. Smith, HI)",FY26-Q2,Sgt,R. TORRES,1679,PCS in-route travel,Okinawa,2026-01-05,2026-01-09,4,AIR,178,124,2776.89,"[{""category"": ""lodging"", ""rate_per_unit"": 181.98, ""units"": 4, ""amount"": 727.93}, {""category"": ""mie"", ""rate_per_unit"": 124, ""units"": 4, ""amount"": 558.0}, {""category"": ""airfare"", ""rate_per_unit"": 1133.79, ""units"": 1, ""amount"": 1133.79}, {""category"": ""rental_car"", ""rate_per_unit"": 264.74, ""units"": 1, ""amount"": 264.74}, {""category"": ""ground_trans"", ""rate_per_unit"": 33.15, ""units"": 1, ""amount"": 33.15}, {""category"": ""incidentals"", ""rate_per_unit"": 59.28, ""units"": 1, ""amount"": 59.28}]",APPROVED,SUBMITTED,
DTS-2026-00098,MARFORPAC,"MARFORPAC HQ (Camp H.M. Smith, HI)",FY26-Q2,Cpl,L. JACKSON,1686,TAD — Inspection / IG team,Quantico,2026-03-01,2026-03-06,5,AIR,184,79,2066.91,"[{""category"": ""lodging"", ""rate_per_unit"": 181.16, ""units"": 5, ""amount"": 905.8}, {""category"": ""mie"", ""rate_per_unit"": 79, ""units"": 5, ""amount"": 434.5}, {""category"": ""airfare"", ""rate_per_unit"": 681.92, ""units"": 1, ""amount"": 681.92}, {""category"": ""ground_trans"", ""rate_per_unit"": 14.33, ""units"": 1, ""amount"": 14.33}, {""category"": ""incidentals"", ""rate_per_unit"": 30.36, ""units"": 1, ""amount"": 30.36}]",APPROVED,SUBMITTED,
DTS-2026-00099,MARFORPAC,"MARFORPAC HQ (Camp H.M. Smith, HI)",FY26-Q2,2ndLt,K. RAMIREZ,1693,TAD — Equipment fielding,Washington,2026-03-10,2026-03-16,6,AIR,277,84,3383.84,"[{""category"": ""lodging"", ""rate_per_unit"": 266.8, ""units"": 6, ""amount"": 1600.8}, {""category"": ""mie"", ""rate_per_unit"": 84, ""units"": 6, ""amount"": 546.0}, {""category"": ""airfare"", ""rate_per_unit"": 635.97, ""units"": 1, ""amount"": 635.97}, {""category"": ""rental_car"", ""rate_per_unit"": 490.13, ""units"": 1, ""amount"": 490.13}, {""category"": ""ground_trans"", ""rate_per_unit"": 62.02, ""units"": 1, ""amount"": 62.02}, {""category"": ""incidentals"", ""rate_per_unit"": 48.92, ""units"": 1, ""amount"": 48.92}]",APPROVED,SUBMITTED,
DTS-2026-00100,MARFORPAC,"MARFORPAC HQ (Camp H.M. Smith, HI)",FY26-Q2,GySgt,S. MILLER,1700,TAD — Inspection / IG team,Quantico,2026-01-18,2026-01-25,7,AIR,184,79,2803.86,"[{""category"": ""lodging"", ""rate_per_unit"": 170.87, ""units"": 7, ""amount"": 1196.1}, {""category"": ""mie"", ""rate_per_unit"": 79, ""units"": 7, ""amount"": 592.5}, {""category"": ""airfare"", ""rate_per_unit"": 562.75, ""units"": 1, ""amount"": 562.75}, {""category"": ""rental_car"", ""rate_per_unit"": 357.09, ""units"": 1, ""amount"": 357.09}, {""category"": ""ground_trans"", ""rate_per_unit"": 74.63, ""units"": 1, ""amount"": 74.63}, {""category"": ""incidentals"", ""rate_per_unit"": 20.79, ""units"": 1, ""amount"": 20.79}]",APPROVED,SUBMITTED,
